seed,pre_holding_cost,pre_backlog_cost,pre_system_cost,pre_profit_psc,pre_fill_hc1,pre_fill_hc2,pre_fill_agg,pre_fill_dispersion,pre_lost_u,during_holding_cost,during_backlog_cost,during_system_cost,during_profit_psc,during_fill_hc1,during_fill_hc2,during_fill_agg,during_fill_dispersion,during_lost_u,post_holding_cost,post_backlog_cost,post_system_cost,post_profit_psc,post_fill_hc1,post_fill_hc2,post_fill_agg,post_fill_dispersion,post_lost_u,episode_holding_cost,episode_backlog_cost,episode_system_cost,episode_profit_psc,episode_fill_hc1,episode_fill_hc2,episode_fill_agg,episode_fill_dispersion,episode_lost_u,peak_backlog_ds1,peak_backlog_ds2,peak_backlog_system,aub_ds1_during_post,ttr_ds1,pre_bullwhip_ds1,pre_bullwhip_ds2,during_bullwhip_ds1,during_bullwhip_ds2,post_bullwhip_ds1,post_bullwhip_ds2,episode_bullwhip_ds1,episode_bullwhip_ds2,policy,premium,coverage,dp_cost
11,16247.0,390.0,16637.0,159043.0,1.0,1.0,1.0,0.0,0,5446.0,837600.0,843046.0,-662311.0,1.0,1.0,1.0,0.0,0,122646.0,103400.0,226046.0,282339.0,1.0,1.0,1.0,0.0,0,144339.0,941390.0,1085729.0,-220929.0,1.0,1.0,1.0,0.0,0,733.0,675.0,2874.0,26585.0,6,1.9577192122041245,1.9577192122041245,1.5450936063674754,1.0659799866609223,1.0739658649597081,1.1575486551963268,1.1183987944810838,1.201163977309938,compound_baseline,0.0,0.0,1069092.0
12,15286.0,740.0,16026.0,160004.0,1.0,1.0,1.0,0.0,0,6161.0,836750.0,842911.0,-663231.0,1.0,1.0,1.0,0.0,0,117501.0,96660.0,214161.0,294779.0,1.0,1.0,1.0,0.0,0,138948.0,934150.0,1073098.0,-208448.0,1.0,1.0,1.0,0.0,0,735.0,698.0,2921.0,26503.0,6,1.2687180247035532,1.2687180247035532,1.5292498397127403,1.0604279103379144,1.1608345076789435,1.1240106403011676,1.1421241723039146,1.189972747066551,compound_baseline,0.0,0.0,1057072.0
13,14717.0,490.0,15207.0,162513.0,1.0,1.0,1.0,0.0,0,5831.0,820680.0,826511.0,-647526.0,1.0,1.0,1.0,0.0,0,121633.0,101280.0,222913.0,284072.0,1.0,1.0,1.0,0.0,0,142181.0,922450.0,1064631.0,-200941.0,1.0,1.0,1.0,0.0,0,727.0,654.0,2830.0,26366.0,6,1.5133739645728188,1.5133739645728188,1.5742471716970474,1.0919285239462757,1.0755991521467667,1.1565734115260822,1.1167159096692292,1.2028023514856716,compound_baseline,0.0,0.0,1049424.0
14,15142.0,570.0,15712.0,159688.0,1.0,1.0,1.0,0.0,0,5359.0,830530.0,835889.0,-656044.0,1.0,1.0,1.0,0.0,0,126228.0,97820.0,224048.0,286057.0,1.0,1.0,1.0,0.0,0,146729.0,928920.0,1075649.0,-210299.0,1.0,1.0,1.0,0.0,0,728.0,656.0,2830.0,26608.0,6,1.8307989167230876,1.8307989167230876,1.5672569158420488,1.0990048696752537,1.139298602377016,1.0940454681415848,1.1422053610292204,1.1844337545271897,compound_baseline,0.0,0.0,1059937.0
15,15695.0,380.0,16075.0,159890.0,0.9994972347913524,1.0,0.9997494571571739,-0.0005027652086475598,0,5991.0,850470.0,856461.0,-675466.0,1.0005210142410559,1.0,1.000259965337955,0.0005210142410558838,0,122427.0,106990.0,229417.0,278973.0,1.0,1.0,1.0,0.0,0,144113.0,957840.0,1101953.0,-236603.0,1.0,1.0,1.0,0.0,0,744.0,710.0,2938.0,27467.0,6,1.4085240830755636,1.4085240830755636,1.528551358712667,1.1019255726129078,1.0386490413362734,1.155279948841836,1.0994059933980587,1.2066227530830989,compound_baseline,0.0,0.0,1085878.0
16,16005.0,320.0,16325.0,158690.0,1.0,1.0,1.0,0.0,0,5498.0,826990.0,832488.0,-653258.0,1.0,1.0,1.0,0.0,0,120358.0,108510.0,228868.0,279972.0,1.0,1.0,1.0,0.0,0,141861.0,935820.0,1077681.0,-214596.0,1.0,1.0,1.0,0.0,0,729.0,663.0,2841.0,27069.0,6,1.3072442475964134,1.3072442475964134,1.5247657587933077,1.103913514331008,1.0674738215338424,1.16732650951121,1.1064271586986532,1.2095076525609012,compound_baseline,0.0,0.0,1061356.0
17,15820.0,160.0,15980.0,159320.0,1.0,1.0,1.0,0.0,0,5727.0,847740.0,853467.0,-671992.0,1.0,1.0,1.0,0.0,0,121027.0,93820.0,214847.0,291468.0,1.0,0.999883761478554,0.9999416382152966,0.00011623852144604374,0,142574.0,941720.0,1084294.0,-221204.0,1.0,0.9999308317482276,0.9999653895407192,6.916825177238906e-05,0,735.0,726.0,2959.0,26288.0,6,1.4558622322791135,1.4558622322791135,1.5151497706829966,1.0549137634366927,1.161602484149578,1.1452782778904347,1.1436738192520663,1.1960375501511482,compound_baseline,0.0,0.0,1068314.0
18,15639.0,1010.0,16649.0,159221.0,1.0,1.0,1.0,0.0,0,5894.0,831770.0,837664.0,-657949.0,1.0,1.0,1.0,0.0,0,117423.0,96510.0,213933.0,294422.0,1.0,1.0,1.0,0.0,0,138956.0,929290.0,1068246.0,-204306.0,1.0,1.0,1.0,0.0,0,737.0,665.0,2865.0,26393.0,6,1.8332343750000004,1.8332343750000004,1.524750400663651,1.1074555820099254,1.1391225281596842,1.1573171932779922,1.1408411037371864,1.210986461891214,compound_baseline,0.0,0.0,1051597.0
19,15570.0,360.0,15930.0,159935.0,1.0,1.0,1.0,0.0,0,5858.0,839580.0,845438.0,-665333.0,1.0,1.0,1.0,0.0,0,122247.0,101680.0,223927.0,282233.0,1.0,1.0,1.0,0.0,0,143675.0,941620.0,1085295.0,-223165.0,1.0,1.0,1.0,0.0,0,736.0,685.0,2904.0,26971.0,6,1.6570971824418836,1.6570971824418836,1.5253725284361657,1.0777113889581318,1.132212039475779,1.143933019567213,1.1361534463643697,1.199850439420942,compound_baseline,0.0,0.0,1069365.0
20,15288.0,660.0,15948.0,161607.0,1.0,1.0,1.0,0.0,0,6048.0,833040.0,839088.0,-658393.0,1.0,1.0,1.0,0.0,0,121232.0,102250.0,223482.0,284048.0,1.0,1.0,1.0,0.0,0,142568.0,935950.0,1078518.0,-212738.0,1.0,1.0,1.0,0.0,0,726.0,699.0,2926.0,26589.0,6,1.1547557704757752,1.1547557704757752,1.5332245972102558,1.0604721881362977,1.1338805597241164,1.1496742217737361,1.1292585818983187,1.1950316352015669,compound_baseline,0.0,0.0,1062570.0
21,15703.0,770.0,16473.0,159832.0,1.0,1.0,1.0,0.0,0,6493.0,830120.0,836613.0,-657868.0,1.0,1.0,1.0,0.0,0,120345.0,96950.0,217295.0,289860.0,1.0,1.0,1.0,0.0,0,142541.0,927840.0,1070381.0,-208176.0,1.0,1.0,1.0,0.0,0,724.0,667.0,2872.0,26521.0,6,1.7424887614962679,1.7424887614962679,1.5669365012237797,1.0861172929607634,1.116130787409039,1.1306188294214272,1.1356324797451087,1.1982240198506444,compound_baseline,0.0,0.0,1053908.0
22,15704.0,260.0,15964.0,161436.0,1.0,0.9996685998342999,0.9998343273691186,0.000331400165700102,0,6182.0,833150.0,839332.0,-659447.0,1.0,1.000346680533888,1.0001741705129321,-0.0003466805338880885,0,119767.0,102400.0,222167.0,284858.0,0.999708862233609,1.0,0.9998543038638615,-0.0002911377663910031,0,141653.0,935810.0,1077463.0,-213153.0,0.9998271391529818,1.0,0.9999136039258376,-0.00017286084701817472,0,731.0,661.0,2869.0,26794.0,6,1.4814631077742948,1.4814631077742948,1.549932517639631,1.1118998912190392,1.1012712035875265,1.1440513385472906,1.1250629106362138,1.2032133402888099,compound_baseline,0.0,0.0,1061499.0
23,16007.0,200.0,16207.0,159158.0,1.0,1.0,1.0,0.0,0,5567.0,824570.0,830137.0,-650327.0,1.0,1.0,1.0,0.0,0,128993.0,109840.0,238833.0,270482.0,1.0,1.0,1.0,0.0,0,150567.0,934610.0,1085177.0,-220687.0,1.0,1.0,1.0,0.0,0,716.0,690.0,2881.0,27055.0,6,1.6725207416351813,1.6725207416351813,1.5188793006614116,1.0793483745552614,1.2128866155777813,1.1120326582674513,1.1463440038246842,1.176198305618115,compound_baseline,0.0,0.0,1068970.0
24,16141.0,380.0,16521.0,158669.0,1.0,1.0,1.0,0.0,0,5597.0,842130.0,847727.0,-666777.0,1.0,1.0,1.0,0.0,0,121747.0,97100.0,218847.0,291098.0,1.0,1.0,1.0,0.0,0,143485.0,939610.0,1083095.0,-217010.0,1.0,1.0,1.0,0.0,0,727.0,695.0,2915.0,26257.0,6,1.7023384124415677,1.7023384124415677,1.5444034632098906,1.0775056044766003,1.1628338024618987,1.1384028017799208,1.1501717699061103,1.199434438497446,compound_baseline,0.0,0.0,1066574.0
25,15396.0,530.0,15926.0,160644.0,1.0,1.0,1.0,0.0,0,6149.0,815040.0,821189.0,-642449.0,1.0,1.0,1.0,0.0,0,119659.0,102880.0,222539.0,286641.0,1.0,1.0,1.0,0.0,0,141204.0,918450.0,1059654.0,-195164.0,1.0,1.0,1.0,0.0,0,730.0,640.0,2796.0,26488.0,6,1.287835097001764,1.287835097001764,1.5302941904494174,1.071012434479401,1.063299992239502,1.1533287048745404,1.1083526243762707,1.19809818580399,compound_baseline,0.0,0.0,1043728.0
26,15667.0,290.0,15957.0,160063.0,1.0,1.0,1.0,0.0,0,5674.0,821690.0,827364.0,-649034.0,1.0,1.0,1.0,0.0,0,119139.0,95420.0,214559.0,295001.0,1.0,1.0,1.0,0.0,0,140480.0,917400.0,1057880.0,-193970.0,1.0,1.0,1.0,0.0,0,720.0,677.0,2863.0,25648.0,6,1.5272882399805627,1.5272882399805627,1.5724099969835021,1.1225490408312895,1.1362762041625203,1.1351787985575068,1.1427503447144367,1.203452434143008,compound_baseline,0.0,0.0,1041923.0
27,16148.0,660.0,16808.0,158752.0,0.9988344988344988,1.0,0.9994141769185706,-0.0011655011655011815,0,5634.0,819410.0,825044.0,-646079.0,1.0012237762237761,1.0,1.0006116742397764,0.0012237762237761185,0,119807.0,98560.0,218367.0,291113.0,1.0,1.0,1.0,0.0,0,141589.0,918630.0,1060219.0,-196214.0,1.0,1.0,1.0,0.0,0,728.0,662.0,2819.0,26218.0,6,1.5895626170263053,1.5895626170263053,1.5184845911483247,1.0539033533867497,1.1261965620995482,1.1420044800501759,1.1332236178248576,1.1946412432251696,compound_baseline,0.0,0.0,1043411.0
28,16153.0,110.0,16263.0,159212.0,1.0,1.0,1.0,0.0,0,5250.0,836940.0,842190.0,-662165.0,1.0,1.0,1.0,0.0,0,122197.0,92790.0,214987.0,295883.0,1.0,1.0,1.0,0.0,0,143600.0,929840.0,1073440.0,-207070.0,1.0,1.0,1.0,0.0,0,729.0,687.0,2883.0,26187.0,6,1.1923840613069585,1.1923840613069585,1.570775526171463,1.078102961742416,1.218145051228975,1.1177809887054664,1.1266508638807213,1.1668520349922697,compound_baseline,0.0,0.0,1057177.0
29,15621.0,610.0,16231.0,159399.0,1.0,1.0,1.0,0.0,0,5758.0,836980.0,842738.0,-662373.0,1.0,1.0,1.0,0.0,0,132557.0,110660.0,243217.0,265468.0,1.0,1.0,1.0,0.0,0,153936.0,948250.0,1102186.0,-237506.0,1.0,1.0,1.0,0.0,0,730.0,677.0,2877.0,27186.0,6,1.4020833333333336,1.4020833333333336,1.5505434650946825,1.1191546233270386,1.1677956045420788,1.1313743644118825,1.1548764562620766,1.1999499544049197,compound_baseline,0.0,0.0,1085955.0
30,15951.0,1000.0,16951.0,158784.0,1.0,1.0,1.0,0.0,0,6255.0,862990.0,869245.0,-687805.0,1.0,1.0,1.0,0.0,0,122957.0,100810.0,223767.0,282433.0,1.0,0.9998830751242327,0.9999416824610001,0.00011692487576731025,0,145163.0,964800.0,1109963.0,-246588.0,1.0,0.9999305676097899,0.9999654086962537,6.943239021006686e-05,0,754.0,714.0,2980.0,27410.0,7,1.756785938480854,1.756785938480854,1.540690119132807,1.093869348664227,1.104996389818328,1.1325441111408945,1.1291508780420882,1.1997536818065317,compound_baseline,0.0,0.0,1093012.0
11,17357.0,150.0,17507.0,158193.0,1.0,1.0,1.0,0.0,0,22434.0,170320.0,192754.0,-14979.0,1.0,1.0,1.0,0.0,0,72568.0,63670.0,136238.0,375057.0,1.0,1.0,1.0,0.0,0,112359.0,234140.0,346499.0,518271.0,1.0,1.0,1.0,0.0,0,171.0,509.0,1112.0,4193.0,39,1.0890290770903532,1.0890290770903532,1.9412601578870048,1.1381650276568704,1.8181107758455861,1.5130996165444852,1.103590712527846,1.2437263096241564,oracle_reroute_d(prop_alloc),870.0,740100.0,328992.0
12,16239.0,690.0,16929.0,159111.0,1.0,1.0,1.0,0.0,0,22776.0,181760.0,204536.0,-27941.0,1.0,1.0,1.0,0.0,0,72355.0,66730.0,139085.0,372900.0,1.0,1.0,1.0,0.0,0,111370.0,249180.0,360550.0,504070.0,1.0,1.0,1.0,0.0,0,167.0,536.0,1163.0,4377.0,39,1.1010829666089643,1.1010829666089643,1.5274520376145764,0.9317030847233373,1.7915065607093,1.2684623686414578,1.0928246680207738,1.2210494387925301,oracle_reroute_d(prop_alloc),903.0,713451.0,343621.0
13,15858.0,440.0,16298.0,161402.0,1.0,1.0,1.0,0.0,0,23188.0,164120.0,187308.0,-11128.0,1.0,1.0,1.0,0.0,0,71909.0,64430.0,136339.0,373441.0,1.0,1.0,1.0,0.0,0,110955.0,228990.0,339945.0,523715.0,1.0,1.0,1.0,0.0,0,175.0,525.0,1096.0,4192.0,39,1.1810707327752132,1.1810707327752132,1.3869412897194535,1.013336985086544,1.6145305047047294,1.4034499168428747,1.0858520484327108,1.2302783992852784,oracle_reroute_d(prop_alloc),1091.0,725777.0,323647.0
14,16002.0,570.0,16572.0,158828.0,1.0,1.0,1.0,0.0,0,22447.0,160100.0,182547.0,-5632.0,1.0,1.0,1.0,0.0,0,72780.0,60950.0,133730.0,377665.0,1.0,1.0,1.0,0.0,0,111229.0,221620.0,332849.0,530861.0,1.0,1.0,1.0,0.0,0,178.0,505.0,1034.0,3928.0,38,1.6769800676946223,1.6769800676946223,1.7002990307279848,0.9104573586227731,1.6581292065045976,1.432319029792053,1.1009818024122002,1.2334799019205633,oracle_reroute_d(prop_alloc),860.0,743660.0,316277.0
15,16835.0,380.0,17215.0,158750.0,0.9994972347913524,1.0,0.9997494571571739,-0.0005027652086475598,0,22508.0,188230.0,210738.0,-33093.0,1.0005210142410559,1.0,1.000259965337955,0.0005210142410558838,0,71097.0,63350.0,134447.0,377263.0,1.0,1.0,1.0,0.0,0,110440.0,251960.0,362400.0,502920.0,1.0,1.0,1.0,0.0,0,155.0,556.0,1200.0,4084.0,39,1.1539374999999998,1.1539374999999998,1.4973834627119302,0.8193981449521409,1.6608829161072494,1.3654574760015101,1.0898571499779504,1.2142585747179822,oracle_reroute_d(prop_alloc),1140.0,740693.0,345185.0
16,16737.0,320.0,17057.0,157928.0,1.0,1.0,1.0,0.0,0,22595.0,170310.0,192905.0,-16655.0,1.0,1.0,1.0,0.0,0,73191.0,67860.0,141051.0,370759.0,1.0,1.0,1.0,0.0,0,112523.0,238490.0,351013.0,512032.0,1.0,1.0,1.0,0.0,0,174.0,550.0,1149.0,4486.0,39,1.3637844635774412,1.3637844635774412,1.646976284767417,0.787091602041493,2.2139725046347585,1.5739001401493076,1.1183069699311472,1.2251020450616197,oracle_reroute_d(prop_alloc),732.0,727400.0,333956.0
17,16322.0,160.0,16482.0,158758.0,1.0,1.0,1.0,0.0,0,22085.0,185350.0,207435.0,-29130.0,1.0,1.0,1.0,0.0,0,72365.0,58560.0,130925.0,378575.0,1.0,0.999883761478554,0.9999416382152966,0.00011623852144604374,0,110772.0,244070.0,354842.0,508203.0,1.0,0.9999308317482276,0.9999653895407192,6.916825177238906e-05,0,167.0,517.0,1136.0,3719.0,37,1.697056445547533,1.697056445547533,2.047685717464674,1.0998790249091182,1.5560940540281003,1.3698336522669396,1.105298913080897,1.2434926448609973,oracle_reroute_d(prop_alloc),502.0,729954.0,338360.0
18,16367.0,990.0,17357.0,158483.0,1.0,1.0,1.0,0.0,0,22735.0,179500.0,202235.0,-25625.0,1.0,1.0,1.0,0.0,0,71787.0,64430.0,136217.0,375243.0,1.0,1.0,1.0,0.0,0,110889.0,244920.0,355809.0,508101.0,1.0,1.0,1.0,0.0,0,170.0,540.0,1168.0,4147.0,39,1.5436170212765956,1.5436170212765956,1.544851859519892,0.8480511376854387,1.7999246449734871,1.3568176297689827,1.1027913153023468,1.2239241567186865,oracle_reroute_d(prop_alloc),708.0,713145.0,338452.0
19,16506.0,320.0,16826.0,159039.0,1.0,1.0,1.0,0.0,0,22878.0,173500.0,196378.0,-19453.0,1.0,1.0,1.0,0.0,0,72041.0,63230.0,135271.0,374039.0,1.0,1.0,1.0,0.0,0,111425.0,237050.0,348475.0,513625.0,1.0,1.0,1.0,0.0,0,165.0,524.0,1120.0,4120.0,39,1.3029805091387114,1.3029805091387114,1.8483265168286367,1.1683871984531295,1.7334435552621836,1.4165296287038622,1.105227616892837,1.2443786340637875,oracle_reroute_d(prop_alloc),896.0,737716.0,331649.0
20,16187.0,610.0,16797.0,160748.0,1.0,1.0,1.0,0.0,0,22906.0,177350.0,200256.0,-22916.0,1.0,1.0,1.0,0.0,0,71869.0,62780.0,134649.0,376216.0,1.0,1.0,1.0,0.0,0,110962.0,240740.0,351702.0,514048.0,1.0,1.0,1.0,0.0,0,162.0,522.0,1113.0,4073.0,39,1.2413184262162187,1.2413184262162187,1.9334966634851738,0.8956841613505623,2.058162268730233,1.283381264292082,1.1187446859246821,1.2230879679443694,oracle_reroute_d(prop_alloc),849.0,727665.0,334905.0
21,16917.0,770.0,17687.0,158628.0,1.0,1.0,1.0,0.0,0,23603.0,172340.0,195943.0,-20318.0,1.0,1.0,1.0,0.0,0,71050.0,66110.0,137160.0,373070.0,1.0,1.0,1.0,0.0,0,111570.0,239220.0,350790.0,511380.0,1.0,1.0,1.0,0.0,0,182.0,502.0,1116.0,4337.0,40,1.208938894728331,1.208938894728331,1.662063523877905,1.1325468543826394,2.039104557850157,1.3938968301142032,1.1067742484047436,1.2403212110730464,oracle_reroute_d(prop_alloc),1214.0,720805.0,333103.0
22,16980.0,260.0,17240.0,160170.0,1.0,0.9996685998342999,0.9998343273691186,0.000331400165700102,0,23634.0,171050.0,194684.0,-18004.0,1.0,1.000346680533888,1.0001741705129321,-0.0003466805338880885,0,71883.0,60810.0,132693.0,377497.0,0.999708862233609,1.0,0.9998543038638615,-0.0002911377663910031,0,112497.0,232120.0,344617.0,519663.0,0.9998271391529818,1.0,0.9999136039258376,-0.00017286084701817472,0,166.0,529.0,1097.0,3886.0,39,1.0642707795110957,1.0642707795110957,1.6703738428065267,0.9560890816107367,1.7832450568993778,1.221689550472796,1.099222666071399,1.217280347820787,oracle_reroute_d(prop_alloc),1276.0,734122.0,327377.0
23,17188.0,170.0,17358.0,157997.0,1.0,1.0,1.0,0.0,0,22671.0,171700.0,194371.0,-17636.0,1.0,1.0,1.0,0.0,0,72570.0,65320.0,137890.0,372020.0,1.0,1.0,1.0,0.0,0,112429.0,237190.0,349619.0,512381.0,1.0,1.0,1.0,0.0,0,171.0,518.0,1107.0,4247.0,39,1.3411903621436765,1.3411903621436765,1.8310367013984408,0.7818719306481,2.275595244328522,1.2042096116499774,1.1282208734558294,1.210832659602176,oracle_reroute_d(prop_alloc),1151.0,736709.0,332261.0
24,16891.0,220.0,17111.0,158069.0,1.0,1.0,1.0,0.0,0,22245.0,176770.0,199015.0,-20930.0,1.0,1.0,1.0,0.0,0,73174.0,60640.0,133814.0,378751.0,1.0,1.0,1.0,0.0,0,112310.0,237630.0,349940.0,515890.0,1.0,1.0,1.0,0.0,0,172.0,535.0,1126.0,3901.0,38,1.3808219583691117,1.3808219583691117,1.4534321624234607,0.7523850689813455,1.9737415586436187,1.5963244964352463,1.1071919011987061,1.2180594154006152,oracle_reroute_d(prop_alloc),590.0,733745.0,332829.0
25,16266.0,290.0,16556.0,159984.0,1.0,1.0,1.0,0.0,0,23505.0,168020.0,191525.0,-15680.0,1.0,1.0,1.0,0.0,0,71411.0,61830.0,133241.0,378834.0,1.0,1.0,1.0,0.0,0,111182.0,230140.0,341322.0,523138.0,1.0,1.0,1.0,0.0,0,171.0,545.0,1147.0,4050.0,38,1.6509532062391683,1.6509532062391683,1.5535847476896076,0.7790046188177902,1.716935068529979,1.3584546634265533,1.1014393672841944,1.2169036134302833,oracle_reroute_d(prop_alloc),630.0,718962.0,324766.0
26,16753.0,310.0,17063.0,158947.0,1.0,1.0,1.0,0.0,0,22655.0,170440.0,193095.0,-17210.0,1.0,1.0,1.0,0.0,0,71358.0,62630.0,133988.0,377807.0,1.0,1.0,1.0,0.0,0,110766.0,233380.0,344146.0,519544.0,1.0,1.0,1.0,0.0,0,159.0,502.0,1049.0,4054.0,40,1.1082623379648289,1.1082623379648289,1.6100271588724602,1.1036045247166484,1.6762090675946075,1.7453725673629383,1.0952446878714919,1.2470274976019318,oracle_reroute_d(prop_alloc),1106.0,714840.0,327083.0
27,16538.0,660.0,17198.0,158332.0,0.9988344988344988,1.0,0.9994141769185706,-0.0011655011655011815,0,22850.0,167780.0,190630.0,-14410.0,1.0012237762237761,1.0,1.0006116742397764,0.0012237762237761185,0,72459.0,65200.0,137659.0,374351.0,1.0,1.0,1.0,0.0,0,111847.0,233640.0,345487.0,518273.0,1.0,1.0,1.0,0.0,0,165.0,535.0,1138.0,4271.0,39,1.594249703233014,1.594249703233014,1.774747899548022,0.7614108407070285,1.9450877198167393,1.3111787209358445,1.117723740797496,1.2163716816231953,oracle_reroute_d(prop_alloc),390.0,715122.0,328289.0
28,16943.0,110.0,17053.0,158402.0,1.0,1.0,1.0,0.0,0,22391.0,172100.0,194491.0,-17066.0,1.0,1.0,1.0,0.0,0,72437.0,63170.0,135607.0,375283.0,1.0,1.0,1.0,0.0,0,111771.0,235380.0,347151.0,516619.0,1.0,1.0,1.0,0.0,0,157.0,541.0,1118.0,4076.0,39,1.1377346420590164,1.1377346420590164,1.388207942521884,0.8776719211637877,1.8357376058646708,1.3009619836499717,1.0962979022807438,1.220643026208535,oracle_reroute_d(prop_alloc),790.0,727079.0,330098.0
29,16583.0,590.0,17173.0,158447.0,1.0,1.0,1.0,0.0,0,22852.0,171370.0,194222.0,-16677.0,1.0,1.0,1.0,0.0,0,72413.0,64340.0,136753.0,374022.0,1.0,1.0,1.0,0.0,0,111848.0,236300.0,348148.0,515792.0,1.0,1.0,1.0,0.0,0,169.0,506.0,1101.0,4203.0,39,1.208194366197183,1.208194366197183,1.62687436658506,1.1361796832981343,1.7927545175285617,1.4708282255433176,1.10064734399339,1.2451630575970682,oracle_reroute_d(prop_alloc),942.0,754980.0,330975.0
30,16634.0,690.0,17324.0,158421.0,1.0,1.0,1.0,0.0,0,23392.0,181630.0,205022.0,-27052.0,1.0,1.0,1.0,0.0,0,73048.0,63420.0,136468.0,373187.0,1.0,0.9998830751242327,0.9999416824610001,0.00011692487576731025,0,113074.0,245740.0,358814.0,504556.0,1.0,0.9999305676097899,0.9999654086962537,6.943239021006686e-05,0,165.0,565.0,1181.0,4170.0,39,1.5953853595614313,1.5953853595614313,1.744971151117697,0.8470454803578744,1.8074985195681177,1.4649258571317283,1.1088660423069838,1.2250361441430162,oracle_reroute_d(prop_alloc),373.0,751522.0,341490.0
11,16247.0,390.0,16637.0,159043.0,1.0,1.0,1.0,0.0,0,20370.0,160670.0,181040.0,-4365.0,1.0,1.0,1.0,0.0,0,62133.0,47450.0,109583.0,402872.0,1.0,1.0,1.0,0.0,0,98750.0,208510.0,307260.0,557550.0,1.0,1.0,1.0,0.0,0,123.0,467.0,1091.0,2635.0,1,1.9577192122041245,1.9577192122041245,2.012258343371722,0.9082909813192922,1.2278768463033773,1.1961471370640875,1.0984885769875887,1.2337184080054022,d_oracle,0.0,778469.0,290623.0
12,15286.0,740.0,16026.0,160004.0,1.0,1.0,1.0,0.0,0,20254.0,171250.0,191504.0,-16089.0,1.0,1.0,1.0,0.0,0,61409.0,49120.0,110529.0,402671.0,1.0,1.0,1.0,0.0,0,96949.0,221110.0,318059.0,546586.0,1.0,1.0,1.0,0.0,0,111.0,474.0,1085.0,2733.0,1,1.2687180247035532,1.2687180247035532,1.836091876169408,1.1425324007676536,1.2037725298979325,1.0803989316002638,1.0867979413019582,1.2292620505501908,d_oracle,0.0,755039.0,302033.0
13,14717.0,490.0,15207.0,162513.0,1.0,1.0,1.0,0.0,0,20042.0,161670.0,181712.0,-6757.0,1.0,1.0,1.0,0.0,0,61527.0,48680.0,110207.0,400828.0,1.0,1.0,1.0,0.0,0,96286.0,210840.0,307126.0,556584.0,1.0,1.0,1.0,0.0,0,157.0,457.0,1029.0,2805.0,1,1.5133739645728188,1.5133739645728188,1.8687402857888586,1.016374564998969,1.1892303109787732,1.112773067046476,1.0874876849672923,1.2282729545725282,d_oracle,0.0,757505.0,291919.0
14,15142.0,570.0,15712.0,159688.0,1.0,1.0,1.0,0.0,0,19739.0,157710.0,177449.0,-1709.0,1.0,1.0,1.0,0.0,0,61522.0,44400.0,105922.0,406663.0,1.0,1.0,1.0,0.0,0,96403.0,202680.0,299083.0,564642.0,1.0,1.0,1.0,0.0,0,109.0,453.0,1040.0,2444.0,1,1.8307989167230876,1.8307989167230876,1.588607944314618,1.1919309844971848,1.1880190244907036,1.23156679964074,1.0806903431781834,1.2528469337150818,d_oracle,0.0,776566.0,283371.0
15,15695.0,380.0,16075.0,159890.0,0.9994972347913524,1.0,0.9997494571571739,-0.0005027652086475598,0,20572.0,179970.0,200542.0,-23862.0,1.0005210142410559,1.0,1.000259965337955,0.0005210142410558838,0,60902.0,41070.0,101972.0,410748.0,1.0,1.0,1.0,0.0,0,97169.0,221420.0,318589.0,546776.0,1.0,1.0,1.0,0.0,0,135.0,496.0,1112.0,2209.0,47,1.4085240830755636,1.4085240830755636,2.0502886358673917,1.1137937250036662,1.1299811086653013,1.1496180984798174,1.0862382627478309,1.2378373821196806,d_oracle,0.0,783364.0,302514.0
16,16005.0,320.0,16325.0,158690.0,1.0,1.0,1.0,0.0,0,19731.0,165550.0,185281.0,-10251.0,1.0,1.0,1.0,0.0,0,60485.0,42270.0,102755.0,410285.0,1.0,1.0,1.0,0.0,0,96221.0,208140.0,304361.0,558724.0,1.0,1.0,1.0,0.0,0,118.0,479.0,1102.0,2311.0,1,1.3072442475964134,1.3072442475964134,1.7772771275605979,1.2637305787415496,1.1905690138039369,1.1369475807665674,1.0850811864335552,1.2415115032753203,d_oracle,0.0,773320.0,288036.0
17,15820.0,160.0,15980.0,159320.0,1.0,1.0,1.0,0.0,0,19824.0,172680.0,192504.0,-15419.0,1.0,1.0,1.0,0.0,0,61758.0,45090.0,106848.0,403847.0,1.0,0.999883761478554,0.9999416382152966,0.00011623852144604374,0,97402.0,217930.0,315332.0,547748.0,1.0,0.9999308317482276,0.9999653895407192,6.916825177238906e-05,0,103.0,468.0,1061.0,2442.0,50,1.4558622322791135,1.4558622322791135,1.6877710484792934,1.0837948531684116,1.18143942141976,1.1765427236764048,1.0841746577640312,1.2394433045881248,d_oracle,0.0,768962.0,299352.0
18,15639.0,1010.0,16649.0,159221.0,1.0,1.0,1.0,0.0,0,20227.0,166640.0,186867.0,-11462.0,0.9982569287083842,1.0,0.9991292990857641,-0.001743071291615772,0,61363.0,49210.0,110573.0,402102.0,1.0005828864537187,1.0,1.0002908160297797,0.0005828864537187339,0,97229.0,216860.0,314089.0,549861.0,1.0,1.0,1.0,0.0,0,138.0,492.0,1065.0,2756.0,1,1.8332343750000004,1.8332343750000004,1.7200476800141278,1.2385201706222584,1.2072829106979415,1.1124735280415126,1.0905010875321914,1.2427607052351908,d_oracle,0.0,754157.0,297440.0
19,15570.0,360.0,15930.0,159935.0,1.0,1.0,1.0,0.0,0,20697.0,164370.0,185067.0,-9222.0,1.0,1.0,1.0,0.0,0,62587.0,55810.0,118397.0,392033.0,1.0,1.0,1.0,0.0,0,98854.0,220540.0,319394.0,542746.0,1.0,1.0,1.0,0.0,0,123.0,480.0,1088.0,3305.0,1,1.6570971824418836,1.6570971824418836,1.8847543888950755,0.8609960343082681,1.2785658033130245,1.1382820960782987,1.099722912287622,1.221995302733294,d_oracle,0.0,765901.0,303464.0
20,15288.0,660.0,15948.0,161607.0,1.0,1.0,1.0,0.0,0,19915.0,172430.0,192345.0,-16225.0,1.0,1.0,1.0,0.0,0,61330.0,46520.0,107850.0,404260.0,1.0,1.0,1.0,0.0,0,96533.0,219610.0,316143.0,549642.0,1.0,1.0,1.0,0.0,0,141.0,454.0,1047.0,2591.0,46,1.1547557704757752,1.1547557704757752,1.7110721935910207,1.1852205224427168,1.2021344338791364,1.1779602985681155,1.0830542805233132,1.2404058452150102,d_oracle,0.0,762375.0,300195.0
21,15703.0,770.0,16473.0,159832.0,1.0,1.0,1.0,0.0,0,21538.0,162710.0,184248.0,-9728.0,1.0,1.0,1.0,0.0,0,60487.0,48290.0,108777.0,402603.0,1.0,1.0,1.0,0.0,0,97728.0,211770.0,309498.0,552707.0,1.0,1.0,1.0,0.0,0,127.0,476.0,1064.0,2764.0,1,1.7424887614962679,1.7424887614962679,1.6717045269500084,1.247413175422562,1.1721675321572285,1.1293027022435178,1.0819020172428602,1.2481465681405886,d_oracle,0.0,760883.0,293025.0
22,15704.0,260.0,15964.0,161436.0,1.0,0.9996685998342999,0.9998343273691186,0.000331400165700102,0,20451.0,167070.0,187521.0,-12031.0,1.0,1.000346680533888,1.0001741705129321,-0.0003466805338880885,0,61781.0,46270.0,108051.0,403374.0,0.999708862233609,1.0,0.9998543038638615,-0.0002911377663910031,0,97936.0,213600.0,311536.0,552779.0,0.9998271391529818,1.0,0.9999136039258376,-0.00017286084701817472,0,124.0,461.0,1024.0,2511.0,1,1.4814631077742948,1.4814631077742948,1.9817328188661936,1.1632775719883661,1.1866089025827355,1.1746331957817515,1.0911725380303825,1.242656296839925,d_oracle,0.0,765927.0,295572.0
23,16007.0,200.0,16207.0,159158.0,1.0,1.0,1.0,0.0,0,20320.0,159520.0,179840.0,-4305.0,0.9982614742698191,1.0,0.9991310392770246,-0.001738525730180851,0,62121.0,43750.0,105871.0,405264.0,1.0005818689631094,1.0,1.0002917918940213,0.0005818689631094109,0,98448.0,203470.0,301918.0,560117.0,1.0,1.0,1.0,0.0,0,148.0,463.0,1019.0,2400.0,1,1.6725207416351813,1.6725207416351813,1.729924642742269,1.1169477347840076,1.2219288025722381,1.1585890526625977,1.09074216940302,1.239110728865839,d_oracle,0.0,783259.0,285711.0
24,16141.0,380.0,16521.0,158669.0,1.0,1.0,1.0,0.0,0,19630.0,166890.0,186520.0,-9620.0,1.0,1.0,1.0,0.0,0,62837.0,49840.0,112677.0,401068.0,1.0,1.0,1.0,0.0,0,98608.0,217110.0,315718.0,550117.0,1.0,1.0,1.0,0.0,0,118.0,462.0,1042.0,2845.0,46,1.7023384124415677,1.7023384124415677,1.4680771063238,1.0483473731857713,1.208522804068709,1.1606770659181735,1.0783588308161252,1.2401564466347301,d_oracle,0.0,767377.0,299197.0
25,15396.0,530.0,15926.0,160644.0,1.0,1.0,1.0,0.0,0,20917.0,157710.0,178627.0,-3972.0,1.0,1.0,1.0,0.0,0,61147.0,46860.0,108007.0,405268.0,1.0,1.0,1.0,0.0,0,97460.0,205100.0,302560.0,561940.0,1.0,1.0,1.0,0.0,0,127.0,454.0,1071.0,2646.0,1,1.287835097001764,1.287835097001764,1.8071692756407904,1.1327086138597549,1.1601576475508,1.1591161980053089,1.0846786949338343,1.2369227096104818,d_oracle,0.0,757094.0,286634.0
26,15667.0,290.0,15957.0,160063.0,1.0,1.0,1.0,0.0,0,19939.0,158410.0,178349.0,-3659.0,1.0,1.0,1.0,0.0,0,60862.0,45200.0,106062.0,406968.0,1.0,1.0,1.0,0.0,0,96468.0,203900.0,300368.0,563372.0,1.0,1.0,1.0,0.0,0,139.0,432.0,970.0,2548.0,1,1.5272882399805627,1.5272882399805627,1.6275743580788828,1.3482650456648195,1.1632594610214477,1.1740030583449763,1.0834733752352212,1.2504783612547206,d_oracle,0.0,757512.0,284411.0
27,16148.0,660.0,16808.0,158752.0,0.9988344988344988,1.0,0.9994141769185706,-0.0011655011655011815,0,19932.0,163130.0,183062.0,-8077.0,1.0012237762237761,1.0,1.0006116742397764,0.0012237762237761185,0,60475.0,44270.0,104745.0,408480.0,1.0,1.0,1.0,0.0,0,96555.0,208060.0,304615.0,559155.0,1.0,1.0,1.0,0.0,0,142.0,469.0,1050.0,2409.0,1,1.5895626170263053,1.5895626170263053,1.5511335000785278,1.1499841861321676,1.2315178943075644,1.1875126610893316,1.086062545735102,1.2469857542793141,d_oracle,0.0,755604.0,287807.0
28,16153.0,110.0,16263.0,159212.0,1.0,1.0,1.0,0.0,0,19245.0,169240.0,188485.0,-12365.0,0.9984347826086957,1.0,0.9992196306251626,-0.00156521739130433,0,62120.0,49880.0,112000.0,400205.0,1.0005241700640652,1.0,1.0002620087336245,0.0005241700640652436,0,97518.0,219230.0,316748.0,547052.0,1.0,1.0,1.0,0.0,0,126.0,474.0,1053.0,2885.0,1,1.1923840613069585,1.1923840613069585,1.5411685235222263,1.214556562828718,1.1905700549002973,1.1778842412525579,1.0770876124829583,1.2427465773121333,d_oracle,0.0,756692.0,300485.0
29,15621.0,610.0,16231.0,159399.0,1.0,1.0,1.0,0.0,0,21908.0,166600.0,188508.0,-11788.0,1.0,1.0,1.0,0.0,0,62150.0,44280.0,106430.0,405180.0,1.0,1.0,1.0,0.0,0,99679.0,211490.0,311169.0,552791.0,1.0,1.0,1.0,0.0,0,139.0,471.0,1086.0,2515.0,1,1.4020833333333336,1.4020833333333336,1.9095853243019862,1.2898097720018251,1.1800631187826833,1.1303970431110864,1.0895415104544857,1.2427443545529684,d_oracle,0.0,791017.0,294938.0
30,15951.0,1000.0,16951.0,158784.0,1.0,1.0,1.0,0.0,0,20704.0,179170.0,199874.0,-23009.0,1.0,1.0,1.0,0.0,0,62270.0,47050.0,109320.0,401465.0,1.0,0.9998830751242327,0.9999416824610001,0.00011692487576731025,0,98925.0,227220.0,326145.0,537240.0,1.0,0.9999305676097899,0.9999654086962537,6.943239021006686e-05,0,112.0,494.0,1112.0,2667.0,1,1.756785938480854,1.756785938480854,1.9288619839210788,1.1129821448890052,1.2373212850920492,1.1953129115929906,1.094461659515681,1.2440402262066739,d_oracle,0.0,783818.0,309194.0
11,16247.0,390.0,16637.0,159043.0,1.0,1.0,1.0,0.0,0,4753.0,861410.0,866163.0,-685478.0,1.0,1.0,1.0,0.0,0,122687.0,101740.0,224427.0,284023.0,1.0,1.0,1.0,0.0,0,143687.0,963540.0,1107227.0,-242412.0,1.0,1.0,1.0,0.0,0,757.0,675.0,2874.0,26914.0,7,1.9577192122041245,1.9577192122041245,1.5422354440584147,1.0683249422813175,1.1347758792860385,1.1577466978870914,1.1406043475899925,1.196758231246565,h1_recovery_writeoff,0.0,-21498.0,1090590.0
12,15286.0,740.0,16026.0,160004.0,1.0,1.0,1.0,0.0,0,5287.0,861510.0,866797.0,-687167.0,1.0,1.0,1.0,0.0,0,121272.0,97380.0,218652.0,290333.0,1.0,1.0,1.0,0.0,0,141845.0,959630.0,1101475.0,-236830.0,1.0,1.0,1.0,0.0,0,758.0,698.0,2921.0,26928.0,7,1.2687180247035532,1.2687180247035532,1.5270306916698717,1.0554197852559284,1.1425907393968096,1.1103693350280206,1.1360472973494964,1.1777280408572277,h1_recovery_writeoff,0.0,-28377.0,1085449.0
13,14717.0,490.0,15207.0,162513.0,1.0,1.0,1.0,0.0,0,5181.0,844530.0,849711.0,-670726.0,1.0,1.0,1.0,0.0,0,120459.0,99730.0,220189.0,286806.0,1.0,1.0,1.0,0.0,0,140357.0,944750.0,1085107.0,-221407.0,1.0,1.0,1.0,0.0,0,751.0,654.0,2830.0,26810.0,7,1.5133739645728188,1.5133739645728188,1.5725965031920826,1.0764467320120883,1.1349276522799734,1.1404760996937,1.138269513791339,1.1906062582382928,h1_recovery_writeoff,0.0,-20476.0,1069900.0
14,15142.0,570.0,15712.0,159688.0,1.0,1.0,1.0,0.0,0,4540.0,853110.0,857650.0,-677855.0,1.0,1.0,1.0,0.0,0,120895.0,97000.0,217895.0,290640.0,1.0,1.0,1.0,0.0,0,140577.0,950680.0,1091257.0,-227527.0,1.0,1.0,1.0,0.0,0,750.0,656.0,2830.0,26653.0,7,1.8307989167230876,1.8307989167230876,1.5649645085216832,1.0777411805463086,1.1408156576691653,1.1382170225663053,1.1420096448570851,1.1934656202571043,h1_recovery_writeoff,0.0,-15608.0,1075545.0
15,15695.0,380.0,16075.0,159890.0,0.9994972347913524,1.0,0.9997494571571739,-0.0005027652086475598,0,5221.0,875390.0,880611.0,-699716.0,1.0005210142410559,1.0,1.000259965337955,0.0005210142410558838,0,122133.0,99000.0,221133.0,287372.0,1.0,1.0,1.0,0.0,0,143049.0,974770.0,1117819.0,-252454.0,1.0,1.0,1.0,0.0,0,766.0,710.0,2938.0,27287.0,7,1.4085240830755636,1.4085240830755636,1.5246329404126995,1.0890412815991262,1.1579761506808024,1.1447676897157963,1.143310242882318,1.19734251439374,h1_recovery_writeoff,0.0,-15866.0,1101744.0
16,16005.0,320.0,16325.0,158690.0,1.0,1.0,1.0,0.0,0,4649.0,848970.0,853619.0,-674439.0,1.0,1.0,1.0,0.0,0,120264.0,97270.0,217534.0,291426.0,1.0,1.0,1.0,0.0,0,140918.0,946560.0,1087478.0,-224323.0,1.0,1.0,1.0,0.0,0,753.0,663.0,2841.0,26772.0,7,1.3072442475964134,1.3072442475964134,1.5229171908728527,1.0915558531859717,1.1376173630434387,1.1429513621101606,1.1318650427295087,1.1960929025483462,h1_recovery_writeoff,0.0,-9797.0,1071153.0
17,15820.0,160.0,15980.0,159320.0,1.0,1.0,1.0,0.0,0,4927.0,870310.0,875237.0,-693812.0,1.0,1.0,1.0,0.0,0,122714.0,97320.0,220034.0,286331.0,1.0,0.999883761478554,0.9999416382152966,0.00011623852144604374,0,143461.0,967790.0,1111251.0,-248161.0,1.0,0.9999308317482276,0.9999653895407192,6.916825177238906e-05,0,756.0,726.0,2959.0,26800.0,7,1.4558622322791135,1.4558622322791135,1.5129870725350283,1.0471210293520257,1.1449768531517293,1.1340956074045723,1.1375512447495741,1.184294162349403,h1_recovery_writeoff,0.0,-26957.0,1095271.0
18,15639.0,1010.0,16649.0,159221.0,1.0,1.0,1.0,0.0,0,4957.0,852480.0,857437.0,-677822.0,1.0,1.0,1.0,0.0,0,121765.0,107270.0,229035.0,279420.0,1.0,1.0,1.0,0.0,0,142361.0,960760.0,1103121.0,-239181.0,1.0,1.0,1.0,0.0,0,758.0,665.0,2865.0,27470.0,7,1.8332343750000004,1.8332343750000004,1.5226648448284756,1.0930015738683936,1.1580146926621855,1.151463219907369,1.1462760567281005,1.2011253224676257,h1_recovery_writeoff,0.0,-34875.0,1086472.0
19,15570.0,360.0,15930.0,159935.0,1.0,1.0,1.0,0.0,0,4912.0,860700.0,865612.0,-685557.0,1.0,1.0,1.0,0.0,0,120372.0,98180.0,218552.0,287663.0,1.0,1.0,1.0,0.0,0,140854.0,959240.0,1100094.0,-237959.0,1.0,1.0,1.0,0.0,0,759.0,685.0,2904.0,27166.0,7,1.6570971824418836,1.6570971824418836,1.5229311141380584,1.0864332774167025,1.1436091753549926,1.1248582407579424,1.1393715242456086,1.1920927691312588,h1_recovery_writeoff,0.0,-14799.0,1084164.0
20,15288.0,660.0,15948.0,161607.0,1.0,1.0,1.0,0.0,0,5216.0,856910.0,862126.0,-681526.0,1.0,1.0,1.0,0.0,0,122207.0,99420.0,221627.0,286003.0,1.0,1.0,1.0,0.0,0,142711.0,956990.0,1099701.0,-233916.0,1.0,1.0,1.0,0.0,0,751.0,699.0,2926.0,26853.0,7,1.1547557704757752,1.1547557704757752,1.531279559066554,1.0553662989358243,1.15127740498885,1.1362101624378316,1.1353296528769923,1.1842120180432876,h1_recovery_writeoff,0.0,-21183.0,1083753.0
21,15703.0,770.0,16473.0,159832.0,1.0,1.0,1.0,0.0,0,5546.0,852670.0,858216.0,-679571.0,1.0,1.0,1.0,0.0,0,120276.0,96000.0,216276.0,290994.0,1.0,1.0,1.0,0.0,0,141525.0,949440.0,1090965.0,-228745.0,1.0,1.0,1.0,0.0,0,747.0,667.0,2872.0,26915.0,7,1.7424887614962679,1.7424887614962679,1.5641435732905553,1.0842487894000052,1.1334770736393804,1.1231620299968985,1.1416598999803156,1.1921642822746126,h1_recovery_writeoff,0.0,-20584.0,1074492.0
22,15704.0,260.0,15964.0,161436.0,1.0,0.9996685998342999,0.9998343273691186,0.000331400165700102,0,5204.0,853810.0,859014.0,-679179.0,1.0,1.000346680533888,1.0001741705129321,-0.0003466805338880885,0,121895.0,101860.0,223755.0,283310.0,0.999708862233609,1.0,0.9998543038638615,-0.0002911377663910031,0,142803.0,955930.0,1098733.0,-234433.0,0.9998271391529818,1.0,0.9999136039258376,-0.00017286084701817472,0,753.0,661.0,2869.0,27151.0,7,1.4814631077742948,1.4814631077742948,1.5480038484713017,1.0897812400791582,1.1765510509792776,1.1357252933700854,1.1503004694625745,1.1932012140735937,h1_recovery_writeoff,0.0,-21270.0,1082769.0
23,16007.0,200.0,16207.0,159158.0,1.0,1.0,1.0,0.0,0,4833.0,846670.0,851503.0,-671743.0,1.0,1.0,1.0,0.0,0,121516.0,99980.0,221496.0,285399.0,1.0,1.0,1.0,0.0,0,142356.0,946850.0,1089206.0,-227186.0,1.0,1.0,1.0,0.0,0,738.0,690.0,2881.0,26342.0,6,1.6725207416351813,1.6725207416351813,1.5168937698182898,1.0756500110716563,1.1399396346476631,1.135319135952423,1.135539254245759,1.191050203377049,h1_recovery_writeoff,0.0,-4029.0,1072999.0
24,16141.0,380.0,16521.0,158669.0,1.0,1.0,1.0,0.0,0,4847.0,865700.0,870547.0,-689697.0,1.0,1.0,1.0,0.0,0,122919.0,98280.0,221199.0,288611.0,1.0,1.0,1.0,0.0,0,143907.0,964360.0,1108267.0,-242417.0,1.0,1.0,1.0,0.0,0,750.0,695.0,2915.0,26696.0,7,1.7023384124415677,1.7023384124415677,1.542834280353259,1.0668506052851883,1.179023740396539,1.1470117784508234,1.151228465087522,1.193927250485742,h1_recovery_writeoff,0.0,-25172.0,1091746.0
25,15396.0,530.0,15926.0,160644.0,1.0,1.0,1.0,0.0,0,5310.0,836580.0,841890.0,-663150.0,1.0,1.0,1.0,0.0,0,121937.0,96650.0,218587.0,290638.0,1.0,1.0,1.0,0.0,0,142643.0,933760.0,1076403.0,-211868.0,1.0,1.0,1.0,0.0,0,752.0,640.0,2796.0,26507.0,7,1.287835097001764,1.287835097001764,1.5275538068591081,1.0645224910798234,1.1530263547024913,1.1370938227494138,1.1408122942457195,1.1866411977865725,h1_recovery_writeoff,0.0,-16749.0,1060477.0
26,15667.0,290.0,15957.0,160063.0,1.0,1.0,1.0,0.0,0,5041.0,849020.0,854061.0,-675831.0,1.0,1.0,1.0,0.0,0,121519.0,95960.0,217479.0,292006.0,1.0,1.0,1.0,0.0,0,142227.0,945270.0,1087497.0,-223762.0,1.0,1.0,1.0,0.0,0,750.0,677.0,2863.0,26146.0,7,1.5272882399805627,1.5272882399805627,1.5690026030586885,1.0919014913736844,1.1272019903785395,1.1552994944750674,1.1371501201557537,1.1999367367900429,h1_recovery_writeoff,0.0,-29617.0,1071540.0
27,16148.0,660.0,16808.0,158752.0,0.9988344988344988,1.0,0.9994141769185706,-0.0011655011655011815,0,4655.0,838600.0,843255.0,-664290.0,1.0012237762237761,1.0,1.0006116742397764,0.0012237762237761185,0,120786.0,98550.0,219336.0,289914.0,1.0,1.0,1.0,0.0,0,141589.0,937810.0,1079399.0,-215624.0,1.0,1.0,1.0,0.0,0,749.0,662.0,2819.0,26685.0,7,1.5895626170263053,1.5895626170263053,1.5156500883087998,1.0410749612387216,1.1582034097547695,1.1427219979930137,1.140255333568502,1.1859509743765877,h1_recovery_writeoff,0.0,-19180.0,1062591.0
28,16153.0,110.0,16263.0,159212.0,1.0,1.0,1.0,0.0,0,4461.0,857360.0,861821.0,-681846.0,1.0,1.0,1.0,0.0,0,121978.0,95020.0,216998.0,291422.0,1.0,1.0,1.0,0.0,0,142592.0,952490.0,1095082.0,-231212.0,1.0,1.0,1.0,0.0,0,751.0,687.0,2883.0,26376.0,7,1.1923840613069585,1.1923840613069585,1.5690976362377187,1.0630494734587583,1.1166968928765453,1.1343234014556633,1.1290444241033037,1.1861840490990643,h1_recovery_writeoff,0.0,-21642.0,1078819.0
29,15621.0,610.0,16231.0,159399.0,1.0,1.0,1.0,0.0,0,4902.0,858360.0,863262.0,-682947.0,1.0,1.0,1.0,0.0,0,122568.0,97820.0,220388.0,287617.0,1.0,1.0,1.0,0.0,0,143091.0,956790.0,1099881.0,-235931.0,1.0,1.0,1.0,0.0,0,753.0,677.0,2877.0,26662.0,7,1.4020833333333336,1.4020833333333336,1.5468535014716964,1.1003557193155458,1.1382617304992981,1.144938903766244,1.1394290426750637,1.1987891595597542,h1_recovery_writeoff,0.0,2305.0,1083650.0
30,15951.0,1000.0,16951.0,158784.0,1.0,1.0,1.0,0.0,0,5312.0,884410.0,889722.0,-708332.0,1.0,1.0,1.0,0.0,0,123470.0,102340.0,225810.0,280450.0,1.0,0.9998830751242327,0.9999416824610001,0.00011692487576731025,0,144733.0,987750.0,1132483.0,-269098.0,1.0,0.9999305676097899,0.9999654086962537,6.943239021006686e-05,0,776.0,714.0,2980.0,27954.0,7,1.756785938480854,1.756785938480854,1.537514171301709,1.0923055517335314,1.1853313252454074,1.1287385572021482,1.156208836573501,1.1943237712476336,h1_recovery_writeoff,0.0,-22520.0,1115532.0
11,16247.0,390.0,16637.0,159043.0,1.0,1.0,1.0,0.0,0,2966.0,828480.0,831446.0,-652761.0,1.0,1.0,1.0,0.0,0,116893.0,103750.0,220643.0,289792.0,1.0,1.0,1.0,0.0,0,136106.0,932620.0,1068726.0,-203926.0,1.0,1.0,1.0,0.0,0,725.0,648.0,2837.0,26535.0,6,1.9577192122041245,1.9577192122041245,1.5455235008103732,1.0677877161141374,1.1047377677330144,1.1787072621792904,1.1307763054428759,1.2102849670101932,h1b_gamma,0.0,17003.0,1052089.0
12,15286.0,740.0,16026.0,160004.0,1.0,1.0,1.0,0.0,0,3404.0,825630.0,829034.0,-651504.0,1.0,1.0,1.0,0.0,0,121624.0,96560.0,218184.0,293791.0,1.0,1.0,1.0,0.0,0,140314.0,922930.0,1063244.0,-197709.0,1.0,1.0,1.0,0.0,0,725.0,612.0,2849.0,26444.0,6,1.2687180247035532,1.2687180247035532,1.5295163793199102,1.088563381653239,1.1017842102672017,1.0771785571724655,1.1211168806115073,1.174550047526405,h1b_gamma,0.0,9854.0,1047218.0
13,14717.0,490.0,15207.0,162513.0,1.0,1.0,1.0,0.0,0,3368.0,813960.0,817328.0,-640443.0,1.0,1.0,1.0,0.0,0,116603.0,99560.0,216163.0,292942.0,1.0,1.0,1.0,0.0,0,134688.0,914010.0,1048698.0,-184988.0,1.0,1.0,1.0,0.0,0,718.0,595.0,2793.0,26126.0,6,1.5133739645728188,1.5133739645728188,1.5735868190074875,1.1076397669844007,1.1200304231361284,1.1694648727021886,1.1333579764958779,1.2115105416655492,h1b_gamma,0.0,15933.0,1033491.0
14,15142.0,570.0,15712.0,159688.0,1.0,1.0,1.0,0.0,0,2948.0,824670.0,827618.0,-649923.0,1.0,1.0,1.0,0.0,0,113855.0,96540.0,210395.0,300370.0,1.0,1.0,1.0,0.0,0,131945.0,921780.0,1053725.0,-189865.0,1.0,1.0,1.0,0.0,0,721.0,597.0,2787.0,26166.0,6,1.8307989167230876,1.8307989167230876,1.5665230324636026,1.1041956774124229,1.1609472204991529,1.1548977259029032,1.1514367805410914,1.2110269048390792,h1b_gamma,0.0,21924.0,1038013.0
15,15695.0,380.0,16075.0,159890.0,0.9994972347913524,1.0,0.9997494571571739,-0.0005027652086475598,0,3366.0,839440.0,842806.0,-664011.0,1.0005210142410559,1.0,1.000259965337955,0.0005210142410558838,0,115600.0,95360.0,210960.0,299905.0,1.0,1.0,1.0,0.0,0,134661.0,935180.0,1069841.0,-204216.0,1.0,1.0,1.0,0.0,0,732.0,640.0,2881.0,26462.0,6,1.4085240830755636,1.4085240830755636,1.528100869027389,1.1153665496778187,1.2045140401941594,1.1507602483423596,1.1638217219740588,1.211234292343894,h1b_gamma,0.0,32112.0,1053766.0
16,16005.0,320.0,16325.0,158690.0,1.0,1.0,1.0,0.0,0,2966.0,819720.0,822686.0,-645556.0,1.0,1.0,1.0,0.0,0,114772.0,108130.0,222902.0,288038.0,1.0,1.0,1.0,0.0,0,133743.0,928170.0,1061913.0,-198828.0,1.0,1.0,1.0,0.0,0,720.0,625.0,2801.0,26936.0,6,1.3072442475964134,1.3072442475964134,1.5232741341613762,1.1017930648593806,1.0999970486275505,1.179776279743141,1.1181943520639295,1.2141714879345726,h1b_gamma,0.0,15768.0,1045588.0
17,15820.0,160.0,15980.0,159320.0,1.0,1.0,1.0,0.0,0,3180.0,838650.0,841830.0,-662555.0,1.0,1.0,1.0,0.0,0,115430.0,97970.0,213400.0,295285.0,1.0,0.999883761478554,0.9999416382152966,0.00011623852144604374,0,134430.0,936780.0,1071210.0,-207950.0,1.0,0.9999308317482276,0.9999653895407192,6.916825177238906e-05,0,725.0,659.0,2907.0,26388.0,6,1.4558622322791135,1.4558622322791135,1.5148487602438525,1.068916024351022,1.1511643812151615,1.1561364845138948,1.1419445110205617,1.2036539558359127,h1b_gamma,0.0,13084.0,1055230.0
18,15639.0,1010.0,16649.0,159221.0,1.0,1.0,1.0,0.0,0,3106.0,819860.0,822966.0,-645401.0,1.0,1.0,1.0,0.0,0,113213.0,98090.0,211303.0,299192.0,1.0,1.0,1.0,0.0,0,131958.0,918960.0,1050918.0,-186988.0,1.0,1.0,1.0,0.0,0,728.0,602.0,2779.0,26343.0,6,1.8332343750000004,1.8332343750000004,1.5251049243348318,1.1181450654782439,1.1469231797453119,1.1538691470518196,1.144521369399065,1.2138136671277169,h1b_gamma,0.0,17328.0,1034269.0
19,15570.0,360.0,15930.0,159935.0,1.0,1.0,1.0,0.0,0,3243.0,830260.0,833503.0,-655548.0,1.0,1.0,1.0,0.0,0,115281.0,101080.0,216361.0,291949.0,1.0,1.0,1.0,0.0,0,134094.0,931700.0,1065794.0,-203664.0,1.0,1.0,1.0,0.0,0,725.0,608.0,2831.0,26772.0,6,1.6570971824418836,1.6570971824418836,1.5258186833215972,1.1155339239962099,1.1218495209105381,1.169343269026058,1.1325571580902059,1.2156128979680128,h1b_gamma,0.0,19501.0,1049864.0
20,15288.0,660.0,15948.0,161607.0,1.0,1.0,1.0,0.0,0,3379.0,822730.0,826109.0,-647609.0,1.0,1.0,1.0,0.0,0,116774.0,104510.0,221284.0,288436.0,1.0,1.0,1.0,0.0,0,135441.0,927900.0,1063341.0,-197566.0,1.0,1.0,1.0,0.0,0,717.0,647.0,2854.0,26503.0,6,1.1547557704757752,1.1547557704757752,1.5335607770433664,1.0574552729110596,1.0538295879575768,1.160829889114817,1.1017240535078714,1.1987568001029727,h1b_gamma,0.0,15177.0,1047393.0
21,15703.0,770.0,16473.0,159832.0,1.0,1.0,1.0,0.0,0,3784.0,821090.0,824874.0,-648379.0,1.0,1.0,1.0,0.0,0,114365.0,94690.0,209055.0,300355.0,1.0,1.0,1.0,0.0,0,133852.0,916550.0,1050402.0,-188192.0,1.0,1.0,1.0,0.0,0,718.0,606.0,2828.0,26217.0,6,1.7424887614962679,1.7424887614962679,1.5664273097793624,1.0949415655343882,1.103552129061816,1.1371232688487316,1.1315861206141973,1.2040433616045612,h1b_gamma,0.0,19979.0,1033929.0
22,15704.0,260.0,15964.0,161436.0,1.0,0.9996685998342999,0.9998343273691186,0.000331400165700102,0,3473.0,824020.0,827493.0,-649808.0,1.0,1.000346680533888,1.0001741705129321,-0.0003466805338880885,0,119655.0,97310.0,216965.0,293735.0,0.999708862233609,1.0,0.9998543038638615,-0.0002911377663910031,0,138832.0,921590.0,1060422.0,-194637.0,0.9998271391529818,1.0,0.9999136039258376,-0.00017286084701817472,0,725.0,613.0,2822.0,26614.0,6,1.4814631077742948,1.4814631077742948,1.5490509802410786,1.1198682051226094,1.1390052142670117,1.105501061544624,1.1389403218786782,1.1916886326452292,h1b_gamma,0.0,17041.0,1044458.0
23,16007.0,200.0,16207.0,159158.0,1.0,1.0,1.0,0.0,0,3144.0,816510.0,819654.0,-641894.0,1.0,1.0,1.0,0.0,0,123569.0,105350.0,228919.0,282456.0,1.0,1.0,1.0,0.0,0,142720.0,922060.0,1064780.0,-200280.0,1.0,1.0,1.0,0.0,0,710.0,625.0,2822.0,26560.0,6,1.6725207416351813,1.6725207416351813,1.5184485776048706,1.0881730045618108,1.2262688098112917,1.1009929127663247,1.145725603209115,1.1704495981334113,h1b_gamma,0.0,20397.0,1048573.0
24,16141.0,380.0,16521.0,158669.0,1.0,1.0,1.0,0.0,0,3160.0,832600.0,835760.0,-656910.0,1.0,1.0,1.0,0.0,0,115606.0,96770.0,212376.0,299639.0,1.0,1.0,1.0,0.0,0,134907.0,929750.0,1064657.0,-198602.0,1.0,1.0,1.0,0.0,0,720.0,618.0,2834.0,26006.0,6,1.7023384124415677,1.7023384124415677,1.5433476962455586,1.093666551126268,1.1595073459579919,1.1470045322146198,1.1477346550491274,1.2067902183775068,h1b_gamma,0.0,18438.0,1048136.0
25,15396.0,530.0,15926.0,160644.0,1.0,1.0,1.0,0.0,0,3547.0,806840.0,810387.0,-633797.0,1.0,1.0,1.0,0.0,0,118702.0,97070.0,215772.0,297168.0,1.0,1.0,1.0,0.0,0,137645.0,904440.0,1042085.0,-175985.0,1.0,1.0,1.0,0.0,0,720.0,575.0,2741.0,26288.0,6,1.287835097001764,1.287835097001764,1.530338698667279,1.0971270879351587,1.1542018781497867,1.1197283122521131,1.1419116912055647,1.1913290469441906,h1b_gamma,0.0,17569.0,1026159.0
26,15667.0,290.0,15957.0,160063.0,1.0,1.0,1.0,0.0,0,3196.0,810220.0,813416.0,-637186.0,1.0,1.0,1.0,0.0,0,115263.0,98790.0,214053.0,297422.0,1.0,1.0,1.0,0.0,0,134126.0,909300.0,1043426.0,-179701.0,1.0,1.0,1.0,0.0,0,710.0,633.0,2830.0,25609.0,6,1.5272882399805627,1.5272882399805627,1.5710869960442098,1.1247869459211772,1.0981840692367009,1.1635409776679084,1.1269605661695838,1.21364626234684,h1b_gamma,0.0,14454.0,1027469.0
27,16148.0,660.0,16808.0,158752.0,0.9988344988344988,1.0,0.9994141769185706,-0.0011655011655011815,0,3125.0,813160.0,816285.0,-639470.0,1.0012237762237761,1.0,1.0006116742397764,0.0012237762237761185,0,112951.0,95910.0,208861.0,302984.0,1.0,1.0,1.0,0.0,0,132224.0,909730.0,1041954.0,-177734.0,1.0,1.0,1.0,0.0,0,720.0,585.0,2759.0,26020.0,6,1.5895626170263053,1.5895626170263053,1.5188095426837322,1.097547638341489,1.1807898309071136,1.1325986002272854,1.1531162563234036,1.2035475963717468,h1b_gamma,0.0,18265.0,1025146.0
28,16153.0,110.0,16263.0,159212.0,1.0,1.0,1.0,0.0,0,2907.0,829990.0,832897.0,-655022.0,1.0,1.0,1.0,0.0,0,115128.0,97270.0,212398.0,298502.0,1.0,1.0,1.0,0.0,0,134188.0,927370.0,1061558.0,-197308.0,1.0,1.0,1.0,0.0,0,718.0,618.0,2824.0,26018.0,6,1.1923840613069585,1.1923840613069585,1.5696930825677688,1.0882949531678099,1.1596606103092033,1.1639888677439887,1.1473011043586223,1.2075623583075574,h1b_gamma,0.0,11882.0,1045295.0
29,15621.0,610.0,16231.0,159399.0,1.0,1.0,1.0,0.0,0,3269.0,828620.0,831889.0,-653674.0,1.0,1.0,1.0,0.0,0,116066.0,100110.0,216176.0,293934.0,1.0,1.0,1.0,0.0,0,134956.0,929340.0,1064296.0,-200341.0,1.0,1.0,1.0,0.0,0,722.0,625.0,2848.0,26322.0,6,1.4020833333333336,1.4020833333333336,1.5505467125459966,1.119654620210273,1.1053566784466986,1.177952223556723,1.1287779499012167,1.2173130240381282,h1b_gamma,0.0,37890.0,1048065.0
30,15951.0,1000.0,16951.0,158784.0,1.0,1.0,1.0,0.0,0,3579.0,852280.0,855859.0,-676719.0,1.0,1.0,1.0,0.0,0,116443.0,105540.0,221983.0,286522.0,1.0,0.9998830751242327,0.9999416824610001,0.00011692487576731025,0,135973.0,958820.0,1094793.0,-231413.0,1.0,0.9999305676097899,0.9999654086962537,6.943239021006686e-05,0,744.0,624.0,2908.0,27618.0,6,1.756785938480854,1.756785938480854,1.5417559465920427,1.1160486171425095,1.1034068704321953,1.1529850685564427,1.1292760275721216,1.210865185412522,h1b_gamma,0.0,15170.0,1077842.0
11,27785.0,390.0,28175.0,147515.0,1.0,1.0,1.0,0.0,0,9631.0,823480.0,833111.0,-653021.0,1.0,1.0,1.0,0.0,0,148896.0,87930.0,236826.0,272234.0,1.0,1.0,1.0,0.0,0,186312.0,911800.0,1098112.0,-233272.0,1.0,1.0,1.0,0.0,0,726.0,574.0,2797.0,24326.0,6,2.046017259296074,2.046017259296074,1.534522315188704,1.0398836789699817,1.1871886013132757,1.2003737220526147,1.169425007199637,1.2079891724173937,h2_buffer_B120_both,11538.0,-845.0,1069937.0
12,26710.0,740.0,27450.0,148570.0,1.0,1.0,1.0,0.0,0,10202.0,816170.0,826372.0,-647457.0,1.0,1.0,1.0,0.0,0,145829.0,88580.0,234409.0,275326.0,1.0,1.0,1.0,0.0,0,182741.0,905490.0,1088231.0,-223561.0,1.0,1.0,1.0,0.0,0,718.0,573.0,2781.0,24233.0,6,1.6175343927595252,1.6175343927595252,1.5382349098533714,1.0386219149494584,1.215864570046644,1.180758102896264,1.1732876090922641,1.2012254071199686,h2_buffer_B120_both,11424.0,-3709.0,1060781.0
13,26277.0,630.0,26907.0,150803.0,1.0,1.0,1.0,0.0,0,10179.0,801520.0,811699.0,-633359.0,1.0,1.0,1.0,0.0,0,146634.0,87690.0,234324.0,273336.0,1.0,1.0,1.0,0.0,0,183090.0,889840.0,1072930.0,-209220.0,1.0,1.0,1.0,0.0,0,719.0,504.0,2654.0,24071.0,6,1.7986473429951693,1.7986473429951693,1.5512418146292228,1.0848734614377387,1.2024260113305492,1.1789546837398948,1.170357006342891,1.2096588793436485,h2_buffer_B120_both,11700.0,3401.0,1046023.0
14,26879.0,620.0,27499.0,147921.0,1.0,1.0,1.0,0.0,0,9551.0,808520.0,818071.0,-639016.0,1.0,1.0,1.0,0.0,0,147404.0,87800.0,235204.0,274056.0,1.0,1.0,1.0,0.0,0,183834.0,896940.0,1080774.0,-217039.0,1.0,1.0,1.0,0.0,0,719.0,516.0,2660.0,23988.0,6,1.6481566421462568,1.6481566421462568,1.5565259959285291,1.09072555204055,1.2078643634049628,1.1756079784085147,1.1743906701467197,1.210058131619746,h2_buffer_B120_both,11787.0,6662.0,1053275.0
15,27495.0,380.0,27875.0,148090.0,0.9994972347913524,1.0,0.9997494571571739,-0.0005027652086475598,0,10073.0,829820.0,839893.0,-659878.0,1.0005210142410559,1.0,1.000259965337955,0.0005210142410558838,0,146567.0,88200.0,234767.0,274633.0,1.0,1.0,1.0,0.0,0,184135.0,918400.0,1102535.0,-237155.0,1.0,1.0,1.0,0.0,0,726.0,582.0,2815.0,24430.0,6,1.4249037227214376,1.4249037227214376,1.5488793406096715,1.0838395820329705,1.1911126229547664,1.1881867700698858,1.1665437372803773,1.2120568864793377,h2_buffer_B120_both,11800.0,11218.0,1074660.0
16,27605.0,320.0,27925.0,147090.0,1.0,1.0,1.0,0.0,0,9605.0,805430.0,815035.0,-636670.0,1.0,1.0,1.0,0.0,0,148622.0,88280.0,236902.0,273093.0,1.0,1.0,1.0,0.0,0,185832.0,894030.0,1079862.0,-216487.0,1.0,1.0,1.0,0.0,0,717.0,535.0,2689.0,23941.0,6,1.6912299099509862,1.6912299099509862,1.5306259542880445,1.077139042074879,1.1871494931314344,1.201455432070601,1.162874938341146,1.2129425383192656,h2_buffer_B120_both,11600.0,9419.0,1051937.0
17,27382.0,160.0,27542.0,147748.0,1.0,1.0,1.0,0.0,0,9759.0,835100.0,844859.0,-664134.0,1.0,1.0,1.0,0.0,0,148416.0,88370.0,236786.0,270309.0,1.0,0.999883761478554,0.9999416382152966,0.00011623852144604374,0,185557.0,923630.0,1109187.0,-246077.0,1.0,0.9999308317482276,0.9999653895407192,6.916825177238906e-05,0,728.0,582.0,2824.0,24529.0,6,1.6810924069407958,1.6810924069407958,1.5314410497256818,1.100479082273937,1.1820515580142346,1.185762607063298,1.164657101213659,1.215552496737065,h2_buffer_B120_both,11562.0,-13331.0,1081645.0
18,27397.0,990.0,28387.0,147483.0,1.0,1.0,1.0,0.0,0,9887.0,820420.0,830307.0,-651482.0,1.0,1.0,1.0,0.0,0,146532.0,90750.0,237282.0,271973.0,1.0,1.0,1.0,0.0,0,183816.0,912160.0,1095976.0,-232026.0,1.0,1.0,1.0,0.0,0,729.0,584.0,2815.0,24457.0,6,1.7455421184320268,1.7455421184320268,1.5450662717708672,1.023353697612927,1.1933372953976404,1.1868801031709386,1.1716391426859594,1.1999998281361992,h2_buffer_B120_both,11738.0,-15992.0,1067589.0
19,27430.0,360.0,27790.0,148075.0,1.0,1.0,1.0,0.0,0,9975.0,818440.0,828415.0,-649135.0,1.0,1.0,1.0,0.0,0,145993.0,87310.0,233303.0,273702.0,1.0,1.0,1.0,0.0,0,183398.0,906110.0,1089508.0,-227358.0,1.0,1.0,1.0,0.0,0,719.0,565.0,2780.0,24178.0,6,2.0369940130461974,2.0369940130461974,1.5349670094460788,1.0554711941614645,1.2174146714653995,1.191501388784064,1.1782128840478796,1.2096251342736808,h2_buffer_B120_both,11860.0,7647.0,1061718.0
20,26887.0,670.0,27557.0,150008.0,1.0,1.0,1.0,0.0,0,10152.0,822710.0,832862.0,-653157.0,1.0,1.0,1.0,0.0,0,147760.0,89100.0,236860.0,271650.0,1.0,1.0,1.0,0.0,0,184799.0,912480.0,1097279.0,-231499.0,1.0,1.0,1.0,0.0,0,719.0,588.0,2839.0,24246.0,6,1.4666912736494935,1.4666912736494935,1.5374011815815831,1.0541310397047565,1.2277259248367536,1.1837436117999072,1.1749837646452936,1.2036715287790194,h2_buffer_B120_both,11609.0,-7152.0,1069722.0
21,27477.0,770.0,28247.0,148068.0,1.0,1.0,1.0,0.0,0,10659.0,820940.0,831599.0,-653669.0,1.0,1.0,1.0,0.0,0,144778.0,86740.0,231518.0,276467.0,1.0,1.0,1.0,0.0,0,182914.0,908450.0,1091364.0,-229134.0,1.0,1.0,1.0,0.0,0,722.0,548.0,2747.0,24579.0,6,1.9346607580080535,1.9346607580080535,1.5488269019851102,1.0689814369427084,1.1857732126877665,1.1743399679355326,1.1697711777284787,1.2088620410580704,h2_buffer_B120_both,11774.0,-9209.0,1063117.0
22,27456.0,260.0,27716.0,149704.0,1.0,0.9996685998342999,0.9998343273691186,0.000331400165700102,0,10348.0,816010.0,826358.0,-647408.0,1.0,1.000346680533888,1.0001741705129321,-0.0003466805338880885,0,147286.0,88210.0,235496.0,272459.0,0.999708862233609,1.0,0.9998543038638615,-0.0002911377663910031,0,185090.0,904480.0,1089570.0,-225245.0,0.9998271391529818,1.0,0.9999136039258376,-0.00017286084701817472,0,721.0,551.0,2753.0,24185.0,6,1.6317490093300242,1.6317490093300242,1.5432444808154238,1.0607587324924277,1.2083728586735072,1.183153760011221,1.1721629207341675,1.2049659315581456,h2_buffer_B120_both,11752.0,-355.0,1061854.0
23,27731.0,200.0,27931.0,147424.0,1.0,1.0,1.0,0.0,0,9811.0,805240.0,815051.0,-636101.0,1.0,1.0,1.0,0.0,0,146579.0,88050.0,234629.0,273116.0,1.0,1.0,1.0,0.0,0,184121.0,893490.0,1077611.0,-215561.0,1.0,1.0,1.0,0.0,0,709.0,554.0,2709.0,23823.0,6,2.1192790417203247,2.1192790417203247,1.5266684225276472,1.0765015362941082,1.1867272963938424,1.1870513369766251,1.1669603162728186,1.21283958336506,h2_buffer_B120_both,11724.0,19290.0,1049680.0
24,27601.0,380.0,27981.0,147209.0,1.0,1.0,1.0,0.0,0,9593.0,822780.0,832373.0,-652218.0,1.0,1.0,1.0,0.0,0,148386.0,87570.0,235956.0,274559.0,1.0,1.0,1.0,0.0,0,185580.0,910730.0,1096310.0,-230450.0,1.0,1.0,1.0,0.0,0,718.0,576.0,2779.0,24033.0,6,2.031342312121364,2.031342312121364,1.534023722855128,1.0600744457674232,1.1927416605274266,1.182259687376755,1.1650406966836828,1.2081015412824114,h2_buffer_B120_both,11460.0,-1755.0,1068329.0
25,26881.0,520.0,27401.0,149159.0,1.0,1.0,1.0,0.0,0,10410.0,807260.0,817670.0,-639650.0,1.0,1.0,1.0,0.0,0,145674.0,88090.0,233764.0,276156.0,1.0,1.0,1.0,0.0,0,182965.0,895870.0,1078835.0,-214335.0,1.0,1.0,1.0,0.0,0,719.0,543.0,2731.0,24045.0,6,1.7440348964013084,1.7440348964013084,1.5281180802000873,1.0496817568902574,1.180099023193255,1.1906978993509383,1.1632049285536858,1.2072948836030155,h2_buffer_B120_both,11475.0,-7706.0,1051434.0
26,27345.0,350.0,27695.0,148345.0,1.0,1.0,1.0,0.0,0,9901.0,812780.0,822681.0,-644866.0,1.0,1.0,1.0,0.0,0,145321.0,85780.0,231101.0,278809.0,1.0,1.0,1.0,0.0,0,182567.0,898910.0,1081477.0,-217712.0,1.0,1.0,1.0,0.0,0,720.0,560.0,2770.0,23862.0,6,1.6059959613640193,1.6059959613640193,1.5424788004319576,1.0582262188812166,1.185703124125797,1.200292308432698,1.1634459219383766,1.2078740017873124,h2_buffer_B120_both,11738.0,-11859.0,1053782.0
27,27648.0,660.0,28308.0,147252.0,0.9988344988344988,1.0,0.9994141769185706,-0.0011655011655011815,0,9761.0,794450.0,804211.0,-625966.0,1.0012237762237761,1.0,1.0006116742397764,0.0012237762237761185,0,146375.0,89150.0,235525.0,274465.0,1.0,1.0,1.0,0.0,0,183784.0,884260.0,1068044.0,-204249.0,1.0,1.0,1.0,0.0,0,710.0,530.0,2668.0,23853.0,6,1.7880726024134648,1.7880726024134648,1.5275489550160242,1.038450813813201,1.204123671997456,1.191876089605822,1.1698877017343234,1.204598894227789,h2_buffer_B120_both,11500.0,3675.0,1039736.0
28,27477.0,110.0,27587.0,147878.0,1.0,1.0,1.0,0.0,0,9389.0,814310.0,823699.0,-644164.0,1.0,1.0,1.0,0.0,0,146880.0,87590.0,234470.0,274350.0,1.0,1.0,1.0,0.0,0,183746.0,902010.0,1085756.0,-221936.0,1.0,1.0,1.0,0.0,0,717.0,548.0,2735.0,24069.0,6,1.6125039704116846,1.6125039704116846,1.554640181658425,1.0748155980508463,1.1991430246808992,1.1901252658008203,1.1698292694252175,1.2102788349565452,h2_buffer_B120_both,11324.0,-992.0,1058169.0
29,27118.0,620.0,27738.0,147902.0,1.0,1.0,1.0,0.0,0,9993.0,821570.0,831563.0,-651838.0,1.0,1.0,1.0,0.0,0,146447.0,86160.0,232607.0,276013.0,1.0,1.0,1.0,0.0,0,183558.0,908350.0,1091908.0,-227923.0,1.0,1.0,1.0,0.0,0,725.0,534.0,2726.0,24283.0,6,1.5269112282124038,1.5269112282124038,1.5212803238647634,1.0987224337597195,1.1796838719595053,1.1890350700411492,1.1597899979232915,1.213916819859941,h2_buffer_B120_both,11507.0,21785.0,1064170.0
30,27587.0,1060.0,28647.0,147108.0,1.0,1.0,1.0,0.0,0,10316.0,840460.0,850776.0,-670421.0,1.0,1.0,1.0,0.0,0,149071.0,87410.0,236481.0,270799.0,1.0,0.9998830751242327,0.9999416824610001,0.00011692487576731025,0,186974.0,928930.0,1115904.0,-252514.0,1.0,0.9999305676097899,0.9999654086962537,6.943239021006686e-05,0,742.0,582.0,2829.0,24993.0,6,1.6577800242620295,1.6577800242620295,1.5498069635083271,1.0571406085010882,1.1950369226050332,1.1891361758672612,1.174337328000544,1.2075475134914864,h2_buffer_B120_both,11696.0,5755.0,1087257.0
11,22532.0,390.0,22922.0,152668.0,1.0,1.0,1.0,0.0,0,5477.0,877010.0,882487.0,-702887.0,1.0,1.0,1.0,0.0,0,130642.0,91310.0,221952.0,287618.0,1.0,1.0,1.0,0.0,0,158651.0,968710.0,1127361.0,-262601.0,1.0,1.0,1.0,0.0,0,724.0,683.0,3019.0,24262.0,6,2.012502281438219,2.8792684364043484,1.5376942734765866,1.0742808387870593,1.1909957167065475,1.1955727992756457,1.1643861424483168,1.215421015200489,h2_buffer_B120_d,6285.0,-35347.0,1104439.0
12,21547.0,740.0,22287.0,153663.0,1.0,1.0,1.0,0.0,0,5976.0,867070.0,873046.0,-694751.0,1.0,1.0,1.0,0.0,0,128865.0,92670.0,221535.0,288825.0,1.0,1.0,1.0,0.0,0,156388.0,960480.0,1116868.0,-252263.0,1.0,1.0,1.0,0.0,0,721.0,681.0,3013.0,24352.0,6,2.1310231964728876,1.563592686507407,1.546759986467866,1.0759067234188602,1.2248286277840559,1.1878353407439024,1.180838529695104,1.2106522662402424,h2_buffer_B120_d,6261.0,-37509.0,1094581.0
13,20930.0,510.0,21440.0,156205.0,1.0,1.0,1.0,0.0,0,5849.0,850370.0,856219.0,-678519.0,1.0,1.0,1.0,0.0,0,128826.0,90540.0,219366.0,288949.0,1.0,1.0,1.0,0.0,0,155605.0,941420.0,1097025.0,-233365.0,1.0,1.0,1.0,0.0,0,720.0,607.0,2882.0,24086.0,6,1.610755587753898,1.6812225915384569,1.5458867270944479,1.1066326382996312,1.1687947318914225,1.172955949304684,1.1536570107004336,1.210161363255679,h2_buffer_B120_d,6233.0,-26161.0,1075585.0
14,21273.0,570.0,21843.0,153507.0,1.0,1.0,1.0,0.0,0,5337.0,865650.0,870987.0,-692547.0,1.0,1.0,1.0,0.0,0,130282.0,90010.0,220292.0,289663.0,1.0,1.0,1.0,0.0,0,156892.0,956230.0,1113122.0,-249377.0,1.0,1.0,1.0,0.0,0,720.0,641.0,2923.0,24062.0,6,1.664466423737637,1.7937562116945505,1.55475769100706,1.1163609899684444,1.2054761821843785,1.1757610858804617,1.170770291912852,1.213881882864851,h2_buffer_B120_d,6131.0,-31342.0,1091279.0
15,21952.0,410.0,22362.0,153543.0,0.9994972347913524,1.0,0.9997494571571739,-0.0005027652086475598,0,5896.0,884780.0,890676.0,-711021.0,1.0005210142410559,1.0,1.000259965337955,0.0005210142410558838,0,129213.0,89260.0,218473.0,291302.0,1.0,1.0,1.0,0.0,0,157061.0,974450.0,1131511.0,-266176.0,1.0,1.0,1.0,0.0,0,728.0,698.0,3067.0,24537.0,6,1.7116088905727094,1.47370662233988,1.5514484290445898,1.1020570920180814,1.1855524494090728,1.1872582676958445,1.1661121552813962,1.21564389684096,h2_buffer_B120_d,6287.0,-23271.0,1109149.0
16,22426.0,360.0,22786.0,152164.0,1.0,1.0,1.0,0.0,0,5407.0,856200.0,861607.0,-683762.0,1.0,1.0,1.0,0.0,0,128546.0,89970.0,218516.0,291739.0,1.0,1.0,1.0,0.0,0,156379.0,946530.0,1102909.0,-239859.0,1.0,1.0,1.0,0.0,0,715.0,656.0,2929.0,23886.0,6,1.992761986645421,2.114199477640881,1.5282062414559876,1.1126393168739688,1.2013605820499738,1.1882648063075711,1.1697329760787178,1.2210325727342828,h2_buffer_B120_d,6461.0,-18767.0,1080123.0
17,22106.0,160.0,22266.0,152964.0,1.0,1.0,1.0,0.0,0,5585.0,887930.0,893515.0,-713425.0,1.0,1.0,1.0,0.0,0,131613.0,90940.0,222553.0,285172.0,1.0,0.999883761478554,0.9999416382152966,0.00011623852144604374,0,159304.0,979030.0,1138334.0,-275289.0,1.0,0.9999308317482276,0.9999653895407192,6.916825177238906e-05,0,729.0,697.0,3061.0,24513.0,6,2.098746581902475,2.2022049966698325,1.5245108304568302,1.125198050203326,1.206421814187842,1.1814187000997038,1.1754252908566494,1.2206318174193322,h2_buffer_B120_d,6286.0,-47754.0,1116068.0
18,21874.0,1030.0,22904.0,152881.0,1.0,1.0,1.0,0.0,0,5678.0,876170.0,881848.0,-703428.0,1.0,1.0,1.0,0.0,0,129103.0,93510.0,222613.0,287062.0,1.0,1.0,1.0,0.0,0,156655.0,970710.0,1127365.0,-263485.0,1.0,1.0,1.0,0.0,0,730.0,696.0,3053.0,24564.0,6,1.799713193116635,1.7726507018992568,1.543839684408929,1.0685239887865756,1.1806765427563604,1.1860721564842212,1.1651843005732845,1.208957863910632,h2_buffer_B120_d,6255.0,-52864.0,1104461.0
19,21984.0,390.0,22374.0,153411.0,1.0,1.0,1.0,0.0,0,5780.0,870810.0,876590.0,-697780.0,1.0,1.0,1.0,0.0,0,127566.0,87840.0,215406.0,292074.0,1.0,1.0,1.0,0.0,0,155330.0,959040.0,1114370.0,-252295.0,1.0,1.0,1.0,0.0,0,718.0,679.0,3003.0,24180.0,6,2.0833901515151516,2.45835756621294,1.5387208850488012,1.0979171081921484,1.190391787063562,1.1849051438222515,1.166350023778056,1.217356518907758,h2_buffer_B120_d,6444.0,-22631.0,1091996.0
20,21634.0,650.0,22284.0,155206.0,1.0,1.0,1.0,0.0,0,5854.0,870600.0,876454.0,-697134.0,1.0,1.0,1.0,0.0,0,129067.0,91200.0,220267.0,288673.0,1.0,1.0,1.0,0.0,0,156555.0,962450.0,1119005.0,-253255.0,1.0,1.0,1.0,0.0,0,715.0,695.0,3051.0,24105.0,6,2.14722749886929,2.2824521763562715,1.5361963265477026,1.08926696648013,1.1903342631491194,1.179737396312246,1.1652135497929683,1.2127243618990065,h2_buffer_B120_d,6336.0,-34151.0,1096721.0
21,21936.0,780.0,22716.0,153529.0,1.0,1.0,1.0,0.0,0,6363.0,870990.0,877353.0,-699893.0,1.0,1.0,1.0,0.0,0,128337.0,88220.0,216557.0,291918.0,1.0,1.0,1.0,0.0,0,156636.0,959990.0,1116626.0,-254446.0,1.0,1.0,1.0,0.0,0,722.0,656.0,2992.0,24597.0,6,2.094000839734249,1.7480824474464811,1.551134952860317,1.1130548992889058,1.1776166680963953,1.1724394556085511,1.165868201588279,1.2157616535830054,h2_buffer_B120_d,6243.0,-40002.0,1093910.0
22,21984.0,260.0,22244.0,155106.0,1.0,0.9996685998342999,0.9998343273691186,0.000331400165700102,0,5999.0,866780.0,872779.0,-694344.0,1.0,1.000346680533888,1.0001741705129321,-0.0003466805338880885,0,129446.0,91750.0,221196.0,287284.0,0.999708862233609,1.0,0.9998543038638615,-0.0002911377663910031,0,157429.0,958790.0,1116219.0,-251954.0,0.9998271391529818,1.0,0.9999136039258376,-0.00017286084701817472,0,720.0,668.0,3000.0,24128.0,6,1.7067881903198634,1.6197990131777542,1.5454749164469987,1.0944773576188298,1.2008880246475366,1.176359654811736,1.1672349980351266,1.2091741117986212,h2_buffer_B120_d,6280.0,-32476.0,1093975.0
23,22106.0,220.0,22326.0,152974.0,1.0,1.0,1.0,0.0,0,5564.0,859330.0,864894.0,-686364.0,1.0,1.0,1.0,0.0,0,130046.0,92310.0,222356.0,285829.0,1.0,1.0,1.0,0.0,0,157716.0,951860.0,1109576.0,-247561.0,1.0,1.0,1.0,0.0,0,712.0,665.0,2950.0,23939.0,6,2.046020270625098,2.0387973381281634,1.5221301440985857,1.1076556494902023,1.2094940765176578,1.196605743094363,1.1708265673066038,1.2205620400592156,h2_buffer_B120_d,6119.0,-18280.0,1087250.0
24,22175.0,380.0,22555.0,152550.0,1.0,1.0,1.0,0.0,0,5481.0,878410.0,883891.0,-704276.0,1.0,1.0,1.0,0.0,0,131131.0,90230.0,221361.0,289714.0,1.0,1.0,1.0,0.0,0,158787.0,969020.0,1127807.0,-262012.0,1.0,1.0,1.0,0.0,0,717.0,687.0,3030.0,24039.0,6,2.136925661419893,2.1424856293359764,1.5345540854111723,1.103440020926003,1.199348256734358,1.1725963540782927,1.1644213104793684,1.2132880526612477,h2_buffer_B120_d,6034.0,-38678.0,1105252.0
25,21774.0,540.0,22314.0,154191.0,1.0,1.0,1.0,0.0,0,6146.0,854140.0,860286.0,-682736.0,1.0,1.0,1.0,0.0,0,129757.0,89290.0,219047.0,291618.0,1.0,1.0,1.0,0.0,0,157677.0,943970.0,1101647.0,-236927.0,1.0,1.0,1.0,0.0,0,720.0,656.0,2950.0,23974.0,6,2.1478297417086964,2.313655566182372,1.5326773513153915,1.1027525978148582,1.192569023252659,1.2121302507691663,1.1697339502905144,1.2234243946312746,h2_buffer_B120_d,6388.0,-35605.0,1079333.0
26,21823.0,310.0,22133.0,153832.0,1.0,1.0,1.0,0.0,0,5718.0,864100.0,869818.0,-692728.0,1.0,1.0,1.0,0.0,0,127014.0,88000.0,215014.0,295636.0,1.0,1.0,1.0,0.0,0,154555.0,952410.0,1106965.0,-243260.0,1.0,1.0,1.0,0.0,0,716.0,671.0,3004.0,23743.0,6,1.6234966749988207,1.499149115368419,1.5514470698250649,1.1118088162370776,1.197822784730259,1.180103645170946,1.1653704478155031,1.212708899094775,h2_buffer_B120_d,6176.0,-42909.0,1084832.0
27,22282.0,710.0,22992.0,152493.0,0.9988344988344988,1.0,0.9994141769185706,-0.0011655011655011815,0,5539.0,849150.0,854689.0,-677159.0,1.0012237762237761,1.0,1.0006116742397764,0.0012237762237761185,0,129129.0,92540.0,221669.0,289051.0,1.0,1.0,1.0,0.0,0,156950.0,942400.0,1099350.0,-235615.0,1.0,1.0,1.0,0.0,0,711.0,643.0,2903.0,23930.0,6,2.4324698534300295,2.6394403659329315,1.5259532448004582,1.0673394829272602,1.1876499814387613,1.177279498428988,1.1666630490548167,1.2091213538542296,h2_buffer_B120_d,6184.0,-32947.0,1076358.0
28,22641.0,130.0,22771.0,152589.0,1.0,0.9998327479511624,0.9999162408911969,0.00016725204883760725,0,5255.0,873090.0,878345.0,-699650.0,1.0,1.0001729206294312,1.0000867077083153,-0.00017292062943119468,0,128945.0,89280.0,218225.0,291440.0,1.0,1.0,1.0,0.0,0,156841.0,962500.0,1119341.0,-255621.0,1.0,1.0,1.0,0.0,0,720.0,661.0,2982.0,24149.0,6,2.2680601941855123,1.4330561240040056,1.5534191131787303,1.106498735422879,1.1941952206325497,1.1772303692099144,1.170802857367186,1.2113834730454554,h2_buffer_B120_d,6508.0,-39393.0,1096570.0
29,21661.0,630.0,22291.0,153274.0,1.0,1.0,1.0,0.0,0,5752.0,876750.0,882502.0,-703412.0,1.0,1.0,1.0,0.0,0,128398.0,89400.0,217798.0,291472.0,1.0,1.0,1.0,0.0,0,155811.0,966780.0,1122591.0,-258666.0,1.0,1.0,1.0,0.0,0,725.0,656.0,2982.0,24291.0,6,1.9101494275179507,1.8514933714663957,1.5198709528240864,1.1298349970335884,1.193901896257729,1.1796946039887353,1.1633174609373684,1.2188367051022133,h2_buffer_B120_d,6060.0,-14345.0,1100300.0
30,23361.0,1500.0,24861.0,151174.0,1.0,1.0,1.0,0.0,0,6940.0,865960.0,872900.0,-693085.0,1.0,1.0,1.0,0.0,0,130314.0,88810.0,219124.0,288351.0,1.0,0.9998830751242327,0.9999416824610001,0.00011692487576731025,0,160615.0,956270.0,1116885.0,-253560.0,1.0,0.9999305676097899,0.9999654086962537,6.943239021006686e-05,0,742.0,626.0,2951.0,24992.0,6,1.5106957608776772,2.141116746575184,1.549687810653531,1.0558718141203964,1.1798824716712606,1.1867036626933647,1.1637400667855042,1.1934826236749982,h2_buffer_B120_d,7910.0,988.0,1092024.0
11,39500.0,420.0,39920.0,135780.0,1.0,1.0,1.0,0.0,0,14157.0,824370.0,838527.0,-659472.0,1.0,1.0,1.0,0.0,0,177043.0,91220.0,268263.0,242047.0,1.0,1.0,1.0,0.0,0,230700.0,916010.0,1146710.0,-281645.0,1.0,1.0,1.0,0.0,0,719.0,465.0,2702.0,23336.0,6,1.7815212222090122,1.7815212222090122,1.4773727585697625,1.0851594579320047,1.1855704365092201,1.216014366492262,1.1643171705696023,1.2160233780460246,h2_buffer_B240_both,23283.0,-37698.0,1106790.0
12,38720.0,740.0,39460.0,136590.0,1.0,1.0,1.0,0.0,0,14769.0,814370.0,829139.0,-651289.0,1.0,1.0,1.0,0.0,0,173544.0,91050.0,264594.0,246206.0,1.0,1.0,1.0,0.0,0,227033.0,906160.0,1133193.0,-268493.0,1.0,1.0,1.0,0.0,0,713.0,440.0,2646.0,23225.0,6,1.510844000569574,1.510844000569574,1.4789811413550573,1.080343619753459,1.1878603862174195,1.20291680926455,1.1598999094331104,1.213299046929405,h2_buffer_B240_both,23434.0,-36661.0,1093733.0
13,38173.0,650.0,38823.0,138897.0,1.0,1.0,1.0,0.0,0,14835.0,805130.0,819965.0,-642645.0,1.0,1.0,1.0,0.0,0,173647.0,90040.0,263687.0,245008.0,1.0,1.0,1.0,0.0,0,226655.0,895820.0,1122475.0,-258740.0,1.0,1.0,1.0,0.0,0,712.0,400.0,2563.0,23087.0,6,1.8583651026392969,1.8583651026392969,1.4949932793474008,1.0889304468803271,1.192881684766843,1.1931760787058718,1.1629962451432436,1.212517119622471,h2_buffer_B240_both,23616.0,-34228.0,1083652.0
14,38757.0,620.0,39377.0,136043.0,1.0,1.0,1.0,0.0,0,14054.0,807570.0,821624.0,-643614.0,1.0,1.0,1.0,0.0,0,176664.0,91190.0,267854.0,242761.0,1.0,1.0,1.0,0.0,0,229475.0,899380.0,1128855.0,-264810.0,1.0,1.0,1.0,0.0,0,712.0,406.0,2567.0,22961.0,6,1.949471032745592,1.949471032745592,1.4920745501293964,1.1314944549801274,1.2088029035881043,1.1974220453443558,1.1711758240785621,1.22090603261771,h2_buffer_B240_both,23665.0,-29541.0,1089478.0
15,39210.0,410.0,39620.0,136365.0,0.9994972347913524,1.0,0.9997494571571739,-0.0005027652086475598,0,14643.0,823640.0,838283.0,-659268.0,1.0005210142410559,1.0,1.000259965337955,0.0005210142410558838,0,174584.0,89990.0,264574.0,246056.0,1.0,1.0,1.0,0.0,0,228437.0,914040.0,1142477.0,-276847.0,1.0,1.0,1.0,0.0,0,715.0,455.0,2673.0,23238.0,6,1.635216748768473,1.635216748768473,1.4900381212687908,1.0837381294220862,1.1803344701688343,1.211116503252717,1.160567426922672,1.2144495394274604,h2_buffer_B240_both,23545.0,-16979.0,1102857.0
16,39637.0,320.0,39957.0,135078.0,1.0,1.0,1.0,0.0,0,14265.0,805010.0,819275.0,-641850.0,1.0,1.0,1.0,0.0,0,175148.0,90670.0,265818.0,245117.0,1.0,1.0,1.0,0.0,0,229050.0,896000.0,1125050.0,-261655.0,1.0,1.0,1.0,0.0,0,710.0,419.0,2575.0,22969.0,6,1.5535288259378117,1.5535288259378117,1.4731425398615257,1.0941743550506535,1.1901396420244865,1.2229451520670604,1.1586043489433153,1.219211925743251,h2_buffer_B240_both,23632.0,-23737.0,1085093.0
17,39118.0,160.0,39278.0,136032.0,1.0,1.0,1.0,0.0,0,14339.0,828870.0,843209.0,-663534.0,1.0,1.0,1.0,0.0,0,176369.0,90250.0,266619.0,241631.0,1.0,0.999883761478554,0.9999416382152966,0.00011623852144604374,0,229826.0,919280.0,1149106.0,-285871.0,1.0,0.9999308317482276,0.9999653895407192,6.916825177238906e-05,0,717.0,451.0,2663.0,23370.0,6,1.8133115809431422,1.8133115809431422,1.479018640555651,1.1244073243404393,1.186367725900264,1.2052755508001574,1.163678075269663,1.2235220321635787,h2_buffer_B240_both,23298.0,-41514.0,1109828.0
18,39131.0,990.0,40121.0,135759.0,1.0,1.0,1.0,0.0,0,14384.0,805900.0,820284.0,-642554.0,1.0,1.0,1.0,0.0,0,173112.0,91890.0,265002.0,245378.0,1.0,1.0,1.0,0.0,0,226627.0,898780.0,1125407.0,-261417.0,1.0,1.0,1.0,0.0,0,702.0,453.0,2636.0,22741.0,6,2.0633313143549366,2.0633313143549366,1.4939620427234428,1.0680228278658885,1.1826982115076665,1.1902968568273846,1.166105662737632,1.2088880332351,h2_buffer_B240_both,23472.0,-33689.0,1085286.0
19,38821.0,370.0,39191.0,136704.0,1.0,1.0,1.0,0.0,0,14582.0,819560.0,834142.0,-655902.0,1.0,1.0,1.0,0.0,0,173546.0,90520.0,264066.0,243979.0,1.0,1.0,1.0,0.0,0,226949.0,910450.0,1137399.0,-275219.0,1.0,1.0,1.0,0.0,0,713.0,460.0,2680.0,23228.0,6,1.6490073394098161,1.6490073394098161,1.4811242832997564,1.0687097513457784,1.2062521893905656,1.2066090654556298,1.1682541745548967,1.212060004131798,h2_buffer_B240_both,23261.0,-28843.0,1098208.0
20,38745.0,670.0,39415.0,138150.0,1.0,1.0,1.0,0.0,0,14688.0,826470.0,841158.0,-662473.0,1.0,1.0,1.0,0.0,0,176787.0,92070.0,268857.0,240953.0,1.0,1.0,1.0,0.0,0,230220.0,919210.0,1149430.0,-283370.0,1.0,1.0,1.0,0.0,0,715.0,480.0,2735.0,23323.0,6,1.512023833748128,1.512023833748128,1.4726836589771388,1.0842065513944177,1.2158016958766293,1.1933290626884496,1.1676386029572057,1.2079906227291632,h2_buffer_B240_both,23467.0,-47445.0,1110015.0
21,39152.0,820.0,39972.0,136373.0,1.0,1.0,1.0,0.0,0,15271.0,818360.0,833631.0,-656751.0,1.0,1.0,1.0,0.0,0,174510.0,90360.0,264870.0,244425.0,1.0,1.0,1.0,0.0,0,228933.0,909540.0,1138473.0,-275953.0,1.0,1.0,1.0,0.0,0,715.0,420.0,2619.0,23530.0,6,1.717689398903012,1.717689398903012,1.4935418512960987,1.0830637300238313,1.2166658605540894,1.1909227613654694,1.1756608134001774,1.2084380022486971,h2_buffer_B240_both,23499.0,-44593.0,1098501.0
22,39196.0,260.0,39456.0,137964.0,1.0,0.9996685998342999,0.9998343273691186,0.000331400165700102,0,14949.0,812670.0,827619.0,-649744.0,1.0,1.000346680533888,1.0001741705129321,-0.0003466805338880885,0,174100.0,91520.0,265620.0,243435.0,0.999708862233609,1.0,0.9998543038638615,-0.0002911377663910031,0,228245.0,904450.0,1132695.0,-268345.0,0.9998271391529818,1.0,0.9999136039258376,-0.00017286084701817472,0,712.0,431.0,2628.0,23123.0,6,1.6888321683376988,1.6888321683376988,1.485581440115135,1.0983268151398347,1.193670528991668,1.189200285524227,1.1637732753030214,1.212790076130509,h2_buffer_B240_both,23492.0,-31740.0,1093239.0
23,39463.0,200.0,39663.0,135712.0,1.0,1.0,1.0,0.0,0,14397.0,818040.0,832437.0,-654427.0,1.0,1.0,1.0,0.0,0,174097.0,91370.0,265467.0,243223.0,1.0,1.0,1.0,0.0,0,227957.0,909610.0,1137567.0,-275492.0,1.0,1.0,1.0,0.0,0,716.0,433.0,2629.0,23242.0,6,2.0903904907389723,2.0903904907389723,1.4626908030489434,1.0871067199147169,1.1927946325508583,1.211116646452223,1.163299276345419,1.21894784050844,h2_buffer_B240_both,23456.0,-28934.0,1097904.0
24,39749.0,380.0,40129.0,135091.0,1.0,1.0,1.0,0.0,0,14170.0,827190.0,841360.0,-662155.0,1.0,1.0,1.0,0.0,0,177265.0,91360.0,268625.0,243040.0,1.0,1.0,1.0,0.0,0,231184.0,918930.0,1150114.0,-284024.0,1.0,1.0,1.0,0.0,0,719.0,460.0,2703.0,23255.0,6,1.690409074291432,1.690409074291432,1.475603986772001,1.0656891553080017,1.2051876211131023,1.1912290603699158,1.1652419056274246,1.2042790444216696,h2_buffer_B240_both,23608.0,-43411.0,1109985.0
25,38811.0,540.0,39351.0,137229.0,1.0,1.0,1.0,0.0,0,14966.0,811940.0,826906.0,-649906.0,1.0,1.0,1.0,0.0,0,175785.0,93400.0,269185.0,242025.0,1.0,1.0,1.0,0.0,0,229562.0,905880.0,1135442.0,-270652.0,1.0,1.0,1.0,0.0,0,717.0,418.0,2611.0,23242.0,6,1.6107775061124694,1.6107775061124694,1.4740562171361535,1.1234056068197562,1.1920504449175227,1.2021099863548372,1.1633981160331803,1.2193614573057445,h2_buffer_B240_both,23425.0,-52363.0,1096091.0
26,39149.0,350.0,39499.0,136531.0,1.0,1.0,1.0,0.0,0,14474.0,807520.0,821994.0,-645199.0,1.0,1.0,1.0,0.0,0,173607.0,89410.0,263017.0,248033.0,1.0,1.0,1.0,0.0,0,227230.0,897280.0,1124510.0,-260635.0,1.0,1.0,1.0,0.0,0,702.0,480.0,2694.0,22575.0,6,1.8506959587820908,1.8506959587820908,1.4862294839474215,1.0912370431827971,1.1870840906468603,1.1923767404142922,1.1612525899126511,1.2109814816681694,h2_buffer_B240_both,23542.0,-43088.0,1085011.0
27,39394.0,660.0,40054.0,135536.0,0.9988344988344988,1.0,0.9994141769185706,-0.0011655011655011815,0,14374.0,802790.0,817164.0,-639869.0,1.0012237762237761,1.0,1.0006116742397764,0.0012237762237761185,0,175622.0,91060.0,266682.0,244533.0,1.0,1.0,1.0,0.0,0,229390.0,894510.0,1123900.0,-259800.0,1.0,1.0,1.0,0.0,0,710.0,417.0,2569.0,23041.0,6,1.6904071991431406,1.6904071991431406,1.4651253461547826,1.099307941214695,1.1819753269491426,1.2004848656467322,1.1565263608043037,1.2143138211940936,h2_buffer_B240_both,23246.0,-40435.0,1083846.0
28,39053.0,110.0,39163.0,136312.0,1.0,1.0,1.0,0.0,0,13999.0,817790.0,831789.0,-653244.0,1.0,1.0,1.0,0.0,0,175631.0,90820.0,266451.0,243494.0,1.0,1.0,1.0,0.0,0,228683.0,908720.0,1137403.0,-273438.0,1.0,1.0,1.0,0.0,0,711.0,445.0,2647.0,23179.0,6,1.680431482556716,1.680431482556716,1.4894115736497995,1.0775690315997708,1.1918167021533472,1.2137760572521317,1.162743029414905,1.2143528724540917,h2_buffer_B240_both,22900.0,-41063.0,1098240.0
29,39020.0,640.0,39660.0,135980.0,1.0,1.0,1.0,0.0,0,14500.0,824920.0,839420.0,-660650.0,1.0,1.0,1.0,0.0,0,176612.0,91150.0,267762.0,242033.0,1.0,1.0,1.0,0.0,0,230132.0,916710.0,1146842.0,-282637.0,1.0,1.0,1.0,0.0,0,719.0,442.0,2667.0,23406.0,6,1.6365256229431124,1.6365256229431124,1.4613841511891272,1.0998882502745073,1.2001622231861668,1.193124360374693,1.1645977535642673,1.2124919450399028,h2_buffer_B240_both,23429.0,-21227.0,1107182.0
30,39583.0,1060.0,40643.0,135122.0,1.0,1.0,1.0,0.0,0,14703.0,835400.0,850103.0,-670788.0,1.0,1.0,1.0,0.0,0,175098.0,90620.0,265718.0,242637.0,1.0,0.9998830751242327,0.9999416824610001,0.00011692487576731025,0,229384.0,927080.0,1156464.0,-293029.0,1.0,0.9999305676097899,0.9999654086962537,6.943239021006686e-05,0,729.0,456.0,2708.0,23766.0,6,1.6726516544117647,1.6726516544117647,1.4937744312358063,1.0857680228665467,1.1891873809654705,1.2054116884343689,1.1683572939796922,1.2158131867102313,h2_buffer_B240_both,23692.0,-22809.0,1115821.0
11,28837.0,390.0,29227.0,146233.0,1.0,1.0,1.0,0.0,0,5632.0,915310.0,920942.0,-742707.0,1.0,1.0,1.0,0.0,0,145661.0,96470.0,242131.0,269389.0,1.0,1.0,1.0,0.0,0,180130.0,1012170.0,1192300.0,-327085.0,1.0,1.0,1.0,0.0,0,717.0,691.0,3165.0,23312.0,6,1.7917133258678615,1.7796138002059727,1.4778761372974787,1.1031172710697394,1.2100242091772793,1.2115230032809112,1.1682669770998184,1.2173927331342262,h2_buffer_B240_d,12590.0,-93981.0,1163073.0
12,27795.0,740.0,28535.0,147300.0,1.0,1.0,1.0,0.0,0,6036.0,899500.0,905536.0,-728551.0,1.0,1.0,1.0,0.0,0,140141.0,94840.0,234981.0,276689.0,1.0,1.0,1.0,0.0,0,173972.0,995080.0,1169052.0,-304562.0,1.0,1.0,1.0,0.0,0,713.0,654.0,3106.0,23229.0,6,1.5638596123624937,1.303940631278761,1.4848677256116496,1.1136291428384868,1.2169497456507417,1.1935170836706686,1.168339672660466,1.2149613610714762,h2_buffer_B240_d,12509.0,-83445.0,1140517.0
13,27329.0,530.0,27859.0,149666.0,1.0,1.0,1.0,0.0,0,6067.0,888140.0,894207.0,-717712.0,1.0,1.0,1.0,0.0,0,141635.0,93910.0,235545.0,274230.0,1.0,1.0,1.0,0.0,0,175031.0,982580.0,1157611.0,-293816.0,1.0,1.0,1.0,0.0,0,710.0,607.0,3028.0,22991.0,6,1.7840906761770066,1.4871148533087755,1.4982856547235448,1.1133632535283824,1.20337036603648,1.2100403983906698,1.1653749504859054,1.217802662926876,h2_buffer_B240_d,12652.0,-80328.0,1129752.0
14,27546.0,570.0,28116.0,147104.0,1.0,1.0,1.0,0.0,0,5565.0,900400.0,905965.0,-728815.0,1.0,1.0,1.0,0.0,0,143226.0,93980.0,237206.0,274259.0,1.0,1.0,1.0,0.0,0,176337.0,994950.0,1171287.0,-307452.0,1.0,1.0,1.0,0.0,0,710.0,626.0,3027.0,22974.0,6,1.6335552735427568,1.8824992463069041,1.4938232128285518,1.1380255503464476,1.1959973237597736,1.202924165025386,1.1600637969863161,1.2225501819295927,h2_buffer_B240_d,12404.0,-83234.0,1143171.0
15,28244.0,410.0,28654.0,147121.0,0.9994972347913524,1.0,0.9997494571571739,-0.0005027652086475598,0,5997.0,911860.0,917857.0,-739472.0,1.0005210142410559,1.0,1.000259965337955,0.0005210142410558838,0,142762.0,91890.0,234652.0,276958.0,1.0,1.0,1.0,0.0,0,177003.0,1004160.0,1181163.0,-315393.0,1.0,1.0,1.0,0.0,0,714.0,681.0,3139.0,23224.0,6,1.6128347394071716,1.4234262072754114,1.4929671490235787,1.12047234384861,1.1993251490831023,1.2156165825403562,1.164119831691619,1.2212145343485437,h2_buffer_B240_d,12579.0,-66631.0,1152509.0
16,28649.0,360.0,29009.0,145831.0,1.0,1.0,1.0,0.0,0,5633.0,892910.0,898543.0,-721903.0,1.0,1.0,1.0,0.0,0,143724.0,94940.0,238664.0,273541.0,1.0,1.0,1.0,0.0,0,178006.0,988210.0,1166216.0,-302531.0,1.0,1.0,1.0,0.0,0,709.0,632.0,3037.0,22955.0,6,1.7248827700345608,1.391381096899177,1.4712701055074238,1.1218529758257214,1.1933110361763015,1.207178956257124,1.160784989190839,1.2192657685188142,h2_buffer_B240_d,12684.0,-75851.0,1137207.0
17,28410.0,160.0,28570.0,146550.0,1.0,1.0,1.0,0.0,0,5768.0,918860.0,924628.0,-745848.0,1.0,1.0,1.0,0.0,0,144549.0,94420.0,238969.0,270306.0,1.0,0.999883761478554,0.9999416382152966,0.00011623852144604374,0,178727.0,1013440.0,1192167.0,-328992.0,1.0,0.9999308317482276,0.9999653895407192,6.916825177238906e-05,0,719.0,664.0,3122.0,23407.0,6,1.5168805906364673,1.4191855696320417,1.4771722883366514,1.1395991600151272,1.2031291736500507,1.1988685478970031,1.1647780693306606,1.2199906742692448,h2_buffer_B240_d,12590.0,-95283.0,1163597.0
18,28140.0,1030.0,29170.0,146505.0,1.0,1.0,1.0,0.0,0,5766.0,894010.0,899776.0,-722806.0,1.0,1.0,1.0,0.0,0,140349.0,96490.0,236839.0,274296.0,1.0,1.0,1.0,0.0,0,174255.0,991530.0,1165785.0,-302005.0,1.0,1.0,1.0,0.0,0,702.0,680.0,3113.0,22795.0,6,1.8991606860479262,1.794575842959995,1.501267607395451,1.092072839780207,1.2151784408156914,1.1966252597195688,1.1757771434591273,1.2144265800959277,h2_buffer_B240_d,12521.0,-85018.0,1136615.0
19,28210.0,400.0,28610.0,147020.0,1.0,1.0,1.0,0.0,0,5914.0,908790.0,914704.0,-737234.0,1.0,1.0,1.0,0.0,0,141791.0,92440.0,234231.0,274849.0,1.0,1.0,1.0,0.0,0,175915.0,1001630.0,1177545.0,-315365.0,1.0,1.0,1.0,0.0,0,708.0,679.0,3141.0,23103.0,6,1.9843024867172618,1.8095647064141391,1.4835885761589402,1.0797588717950402,1.2202604596397666,1.2027191741617937,1.1711867331359764,1.210952691629528,h2_buffer_B240_d,12680.0,-79570.0,1148935.0
20,27751.0,700.0,28451.0,148934.0,1.0,1.0,1.0,0.0,0,6099.0,915500.0,921599.0,-743494.0,1.0,1.0,1.0,0.0,0,142371.0,95070.0,237441.0,272969.0,1.0,1.0,1.0,0.0,0,176221.0,1011270.0,1187491.0,-321591.0,1.0,1.0,1.0,0.0,0,717.0,695.0,3182.0,23428.0,6,1.5148650784690076,1.4196961993135881,1.472163614548486,1.109620350958585,1.1970119263163064,1.1984631240137082,1.1583578974640978,1.2127809227452548,h2_buffer_B240_d,12503.0,-96470.0,1159040.0
21,28141.0,780.0,28921.0,147189.0,1.0,1.0,1.0,0.0,0,6545.0,904330.0,910875.0,-734720.0,1.0,1.0,1.0,0.0,0,138010.0,91560.0,229570.0,280210.0,1.0,1.0,1.0,0.0,0,172696.0,996670.0,1169366.0,-307321.0,1.0,1.0,1.0,0.0,0,717.0,636.0,3095.0,23588.0,6,1.8263099002176322,1.8076463560334526,1.4918607324147481,1.1073109130180583,1.2071346992639702,1.2028412036258052,1.1696109622415138,1.2203396353652427,h2_buffer_B240_d,12448.0,-86537.0,1140445.0
22,28425.0,260.0,28685.0,148540.0,1.0,0.9996685998342999,0.9998343273691186,0.000331400165700102,0,6318.0,899760.0,906078.0,-728843.0,1.0,1.000346680533888,1.0001741705129321,-0.0003466805338880885,0,140939.0,94980.0,235919.0,273836.0,0.999708862233609,1.0,0.9998543038638615,-0.0002911377663910031,0,175682.0,995000.0,1170682.0,-306467.0,0.9998271391529818,1.0,0.9999136039258376,-0.00017286084701817472,0,715.0,643.0,3083.0,23217.0,6,1.535055350553505,1.4695313742467886,1.4834365922003134,1.0901958793075288,1.2035229454444283,1.197169762741796,1.1632244796222273,1.2112169458587463,h2_buffer_B240_d,12721.0,-80498.0,1141997.0
23,28531.0,220.0,28751.0,146414.0,1.0,1.0,1.0,0.0,0,5760.0,906190.0,911950.0,-734630.0,1.0,1.0,1.0,0.0,0,139972.0,94850.0,234822.0,274558.0,1.0,1.0,1.0,0.0,0,174263.0,1001260.0,1175523.0,-313658.0,1.0,1.0,1.0,0.0,0,713.0,652.0,3083.0,23198.0,6,1.840535117056856,1.7313124419420274,1.4658349472637335,1.1152736167709056,1.1945834264713246,1.2054063445521543,1.1599637449073306,1.221064265451214,h2_buffer_B240_d,12544.0,-77802.0,1146772.0
24,28576.0,380.0,28956.0,146024.0,1.0,1.0,1.0,0.0,0,5690.0,921190.0,926880.0,-748510.0,1.0,1.0,1.0,0.0,0,144074.0,92930.0,237004.0,275566.0,1.0,1.0,1.0,0.0,0,178340.0,1014500.0,1192840.0,-326920.0,1.0,1.0,1.0,0.0,0,715.0,690.0,3162.0,23177.0,6,2.194831992010809,1.9831854114142424,1.4745711838160191,1.108534194597679,1.1942261534773728,1.1972873246794165,1.1591247695925926,1.2161049381933742,h2_buffer_B240_d,12435.0,-97310.0,1163884.0
25,27790.0,540.0,28330.0,148035.0,1.0,1.0,1.0,0.0,0,6314.0,896570.0,902884.0,-726569.0,1.0,1.0,1.0,0.0,0,144212.0,97590.0,241802.0,270538.0,1.0,1.0,1.0,0.0,0,178316.0,994700.0,1173016.0,-307996.0,1.0,1.0,1.0,0.0,0,717.0,650.0,3097.0,23251.0,6,1.9356696696696696,1.7892753502780268,1.473397906165575,1.1162113362562918,1.2080834481159917,1.2087836387584963,1.1657508847793479,1.2193030955520385,h2_buffer_B240_d,12404.0,-100958.0,1144686.0
26,28162.0,310.0,28472.0,147373.0,1.0,1.0,1.0,0.0,0,5982.0,895560.0,901542.0,-725707.0,1.0,1.0,1.0,0.0,0,141572.0,92640.0,234212.0,277973.0,1.0,1.0,1.0,0.0,0,175716.0,988510.0,1164226.0,-300361.0,1.0,1.0,1.0,0.0,0,701.0,696.0,3132.0,22593.0,6,1.7087153657457674,1.4323150362712733,1.4906680895184745,1.0805906295911454,1.2038358491994117,1.2106934419870228,1.1655970805713582,1.2098019967531417,h2_buffer_B240_d,12515.0,-93831.0,1135754.0
27,28515.0,740.0,29255.0,146130.0,0.9986679986679987,1.0,0.9993304879069378,-0.001332001332001287,0,5747.0,891930.0,897677.0,-721297.0,1.0013986013986014,1.0,1.00069905627403,0.0013986013986013734,0,143228.0,94460.0,237688.0,274852.0,1.0,1.0,1.0,0.0,0,177490.0,987130.0,1164620.0,-300315.0,1.0,1.0,1.0,0.0,0,705.0,640.0,3049.0,22953.0,6,1.7911220497023688,1.696122037317196,1.4700233771833013,1.1047009755741322,1.1913650293988076,1.2094650889753937,1.1567681234296392,1.2173602260730294,h2_buffer_B240_d,12447.0,-91954.0,1135365.0
28,29104.0,130.0,29234.0,145941.0,1.0,0.9998327479511624,0.9999162408911969,0.00016725204883760725,0,5487.0,907470.0,912957.0,-735507.0,1.0,1.0001729206294312,1.0000867077083153,-0.00017292062943119468,0,141816.0,94450.0,236266.0,274869.0,1.0,1.0,1.0,0.0,0,176407.0,1002050.0,1178457.0,-314697.0,1.0,1.0,1.0,0.0,0,709.0,662.0,3096.0,23089.0,6,2.355493061140769,1.396763871478525,1.493805267785516,1.0968844649827074,1.211213244317903,1.2075275261560598,1.1735747033059487,1.2136464413087633,h2_buffer_B240_d,12971.0,-92046.0,1149223.0
29,28160.0,630.0,28790.0,146655.0,1.0,1.0,1.0,0.0,0,6015.0,915160.0,921175.0,-743250.0,1.0,1.0,1.0,0.0,0,142724.0,95300.0,238024.0,272616.0,1.0,1.0,1.0,0.0,0,176899.0,1011090.0,1187989.0,-323979.0,1.0,1.0,1.0,0.0,0,722.0,645.0,3110.0,23479.0,6,1.7462571662571662,1.445449966693204,1.4628153628958545,1.115570459611126,1.1896214105663099,1.2012899493320626,1.1606095985562093,1.2161963021359383,h2_buffer_B240_d,12559.0,-73244.0,1159199.0
30,29849.0,1510.0,31359.0,144696.0,1.0,1.0,1.0,0.0,0,7147.0,896600.0,903747.0,-725402.0,1.0,1.0,1.0,0.0,0,142626.0,92530.0,235156.0,273899.0,1.0,0.9998830751242327,0.9999416824610001,0.00011692487576731025,0,179622.0,990640.0,1170262.0,-306807.0,1.0,0.9999305676097899,0.9999654086962537,6.943239021006686e-05,0,728.0,614.0,3032.0,23789.0,6,1.4304064845185551,1.98511424490501,1.496351220877617,1.063270700725883,1.1980887884572196,1.2078226626970523,1.1637941182032756,1.1945980041549815,h2_buffer_B240_d,14408.0,-45891.0,1138903.0
11,34999.0,390.0,35389.0,140061.0,1.0,1.0,1.0,0.0,0,5915.0,939000.0,944915.0,-767975.0,1.0,1.0,1.0,0.0,0,158992.0,103150.0,262142.0,250358.0,1.0,1.0,1.0,0.0,0,199906.0,1042540.0,1242446.0,-377556.0,1.0,1.0,1.0,0.0,0,702.0,671.0,3252.0,22208.0,6,1.937038017471339,1.7558149125701088,1.440470729568075,1.16832238932895,1.202282764388936,1.2109929461759332,1.167343854194731,1.230570214242371,h2_buffer_B360_d,18752.0,-137965.0,1207057.0
12,34051.0,740.0,34791.0,141024.0,1.0,1.0,1.0,0.0,0,6333.0,937970.0,944303.0,-768573.0,1.0,1.0,1.0,0.0,0,154871.0,102690.0,257561.0,255359.0,1.0,1.0,1.0,0.0,0,195255.0,1041400.0,1236655.0,-372190.0,1.0,1.0,1.0,0.0,0,708.0,655.0,3246.0,22572.0,6,1.6089970189974,1.251183204006384,1.438132227408957,1.1234927487184645,1.228944901316092,1.1949285786332984,1.1751053158515399,1.2155927350666453,h2_buffer_B360_d,18765.0,-144792.0,1201864.0
13,33345.0,530.0,33875.0,143635.0,1.0,1.0,1.0,0.0,0,6413.0,926190.0,932603.0,-757353.0,1.0,1.0,1.0,0.0,0,155567.0,100240.0,255807.0,254963.0,1.0,1.0,1.0,0.0,0,195325.0,1026960.0,1222285.0,-358755.0,1.0,1.0,1.0,0.0,0,698.0,643.0,3169.0,22133.0,6,2.067207746842518,1.5617911336280934,1.4484051269658638,1.1591332341441312,1.2156700374112448,1.1965458133410567,1.170713655653661,1.2252205784372008,h2_buffer_B360_d,18668.0,-138986.0,1188410.0
14,33791.0,570.0,34361.0,140869.0,1.0,1.0,1.0,0.0,0,5904.0,928400.0,934304.0,-758464.0,1.0,1.0,1.0,0.0,0,157878.0,100080.0,257958.0,254827.0,1.0,1.0,1.0,0.0,0,197573.0,1029050.0,1226623.0,-362768.0,1.0,1.0,1.0,0.0,0,692.0,650.0,3165.0,21810.0,6,1.602010979267671,1.6173477984124611,1.4522212255069225,1.156361099700458,1.2014675308762026,1.1997877032738056,1.1637523105594965,1.2241750634208748,h2_buffer_B360_d,18649.0,-132325.0,1192262.0
15,34318.0,410.0,34728.0,141037.0,0.9994972347913524,1.0,0.9997494571571739,-0.0005027652086475598,0,6362.0,947780.0,954142.0,-776982.0,1.0005210142410559,1.0,1.000259965337955,0.0005210142410558838,0,157564.0,99650.0,257214.0,255431.0,1.0,1.0,1.0,0.0,0,198244.0,1047840.0,1246084.0,-380514.0,1.0,1.0,1.0,0.0,0,708.0,662.0,3244.0,22580.0,6,1.8998634342789928,1.4538664669714645,1.445948559386719,1.093351756529646,1.191232590311095,1.2023468007530196,1.1650999284976598,1.2121338506002741,h2_buffer_B360_d,18653.0,-125478.0,1211356.0
16,34800.0,360.0,35160.0,139680.0,1.0,1.0,1.0,0.0,0,6024.0,928350.0,934374.0,-758994.0,1.0,1.0,1.0,0.0,0,155325.0,100990.0,256315.0,256410.0,1.0,1.0,1.0,0.0,0,196149.0,1029700.0,1225849.0,-362904.0,1.0,1.0,1.0,0.0,0,700.0,644.0,3187.0,22168.0,6,1.669493288590604,1.3209517294543736,1.4314435463057091,1.1222944165068676,1.2119755605852593,1.200356632320723,1.1692380745727182,1.2184190107715565,h2_buffer_B360_d,18835.0,-129333.0,1190689.0
17,34534.0,160.0,34694.0,140416.0,1.0,1.0,1.0,0.0,0,6255.0,948890.0,955145.0,-777420.0,1.0,1.0,1.0,0.0,0,157695.0,100690.0,258385.0,251700.0,1.0,0.999883761478554,0.9999416382152966,0.00011623852144604374,0,198484.0,1049740.0,1248224.0,-385304.0,1.0,0.9999308317482276,0.9999653895407192,6.916825177238906e-05,0,709.0,649.0,3207.0,22634.0,6,1.6117124306038657,1.3666956588902583,1.4384090706622683,1.109465378752509,1.204055119612814,1.1931352266233055,1.1679230894259034,1.2130695657677106,h2_buffer_B360_d,18714.0,-145216.0,1213530.0
18,34265.0,1030.0,35295.0,140360.0,1.0,1.0,1.0,0.0,0,6050.0,922390.0,928440.0,-752760.0,1.0,1.0,1.0,0.0,0,155469.0,100990.0,256459.0,255976.0,1.0,1.0,1.0,0.0,0,195784.0,1024410.0,1220194.0,-356424.0,1.0,1.0,1.0,0.0,0,687.0,671.0,3215.0,21736.0,6,2.2624047665559686,1.8444369052635035,1.461284541969342,1.1167265792069119,1.2134472013415645,1.202349350374032,1.1770533869438482,1.2209022066453,h2_buffer_B360_d,18646.0,-133302.0,1184899.0
19,34256.0,400.0,34656.0,140959.0,1.0,1.0,1.0,0.0,0,6288.0,936120.0,942408.0,-766183.0,1.0,1.0,1.0,0.0,0,156360.0,98220.0,254580.0,255675.0,1.0,1.0,1.0,0.0,0,196904.0,1034740.0,1231644.0,-369549.0,1.0,1.0,1.0,0.0,0,696.0,671.0,3228.0,22206.0,6,2.3954144047062327,1.8464489183033541,1.436570287763515,1.1192691305439313,1.2141209462036904,1.199429111065136,1.1715795722941273,1.2171867672617254,h2_buffer_B360_d,18726.0,-127623.0,1196988.0
20,34001.0,700.0,34701.0,142689.0,1.0,1.0,1.0,0.0,0,6449.0,946280.0,952729.0,-775884.0,1.0,1.0,1.0,0.0,0,156095.0,101020.0,257115.0,254285.0,1.0,1.0,1.0,0.0,0,196545.0,1048000.0,1244545.0,-378910.0,1.0,1.0,1.0,0.0,0,704.0,693.0,3293.0,22516.0,6,1.5633598976817593,1.292722712494194,1.4374516645477375,1.1169633596736044,1.2220013152403475,1.19821776293574,1.1703007366925156,1.2157944089292876,h2_buffer_B360_d,18753.0,-147274.0,1209844.0
21,34401.0,780.0,35181.0,140929.0,1.0,1.0,1.0,0.0,0,6816.0,928220.0,935036.0,-760186.0,1.0,1.0,1.0,0.0,0,153849.0,97470.0,251319.0,259766.0,1.0,1.0,1.0,0.0,0,195066.0,1026470.0,1221536.0,-359491.0,1.0,1.0,1.0,0.0,0,697.0,644.0,3179.0,22385.0,6,1.8512752324765802,1.6384013266699409,1.4577765382061376,1.117011699926631,1.2153584390945344,1.1888426079377659,1.1756644379674677,1.2165469814611554,h2_buffer_B360_d,18708.0,-132447.0,1186355.0
22,34447.0,260.0,34707.0,142513.0,1.0,0.9996685998342999,0.9998343273691186,0.000331400165700102,0,6674.0,931930.0,938604.0,-762574.0,1.0,1.000346680533888,1.0001741705129321,-0.0003466805338880885,0,155673.0,100970.0,256643.0,254252.0,0.999708862233609,1.0,0.9998543038638615,-0.0002911377663910031,0,196794.0,1033160.0,1229954.0,-365809.0,0.9998271391529818,1.0,0.9999136039258376,-0.00017286084701817472,0,701.0,645.0,3215.0,22324.0,6,1.6744605285514775,1.4029481146898741,1.4455532915491158,1.1019166323458554,1.2100902397700828,1.1951348205346966,1.1687055964242499,1.2118974213476037,h2_buffer_B360_d,18743.0,-133748.0,1195247.0
23,34773.0,220.0,34993.0,140167.0,1.0,1.0,1.0,0.0,0,6124.0,939340.0,945464.0,-769344.0,1.0,1.0,1.0,0.0,0,156934.0,101760.0,258694.0,251991.0,1.0,1.0,1.0,0.0,0,197831.0,1041320.0,1239151.0,-377186.0,1.0,1.0,1.0,0.0,0,699.0,667.0,3227.0,22290.0,6,1.8843269576002868,1.653696307167766,1.4224280563455982,1.1420501213524599,1.228855263550566,1.1984252313790258,1.1741054858796283,1.2225308791344993,h2_buffer_B360_d,18786.0,-135188.0,1204158.0
24,34740.0,380.0,35120.0,139850.0,1.0,1.0,1.0,0.0,0,6032.0,954780.0,960812.0,-783692.0,1.0,1.0,1.0,0.0,0,159212.0,99810.0,259022.0,254768.0,1.0,1.0,1.0,0.0,0,199984.0,1054970.0,1254954.0,-389074.0,1.0,1.0,1.0,0.0,0,705.0,707.0,3308.0,22316.0,6,2.467883068767132,2.0033607866730287,1.4341338153692678,1.1119911239733282,1.2047882360838347,1.1981269104252135,1.1652184806595391,1.216378882257952,h2_buffer_B360_d,18599.0,-153260.0,1219834.0
25,34166.0,540.0,34706.0,141664.0,1.0,1.0,1.0,0.0,0,6671.0,920770.0,927441.0,-752391.0,1.0,1.0,1.0,0.0,0,156341.0,103260.0,259601.0,253539.0,1.0,1.0,1.0,0.0,0,197178.0,1024570.0,1221748.0,-357188.0,1.0,1.0,1.0,0.0,0,698.0,636.0,3166.0,22102.0,6,1.8020685615635985,1.3672329424799188,1.4415049405272826,1.1301591948593332,1.2073812442099552,1.2025694514771048,1.1699349666281642,1.2172596151478101,h2_buffer_B360_d,18780.0,-143314.0,1187042.0
26,34303.0,320.0,34623.0,141222.0,1.0,1.0,1.0,0.0,0,6315.0,928900.0,935215.0,-760530.0,1.0,1.0,1.0,0.0,0,155441.0,99370.0,254811.0,258499.0,1.0,1.0,1.0,0.0,0,196059.0,1028590.0,1224649.0,-360809.0,1.0,1.0,1.0,0.0,0,693.0,690.0,3263.0,21808.0,6,1.671783832776299,1.4089206372813297,1.4499707950357457,1.126124859222654,1.2057294422552345,1.2026594972232914,1.1671280571693572,1.2168368865340662,h2_buffer_B360_d,18666.0,-148103.0,1190026.0
27,34425.0,740.0,35165.0,140195.0,0.9986679986679987,1.0,0.9993304879069378,-0.001332001332001287,0,5964.0,928600.0,934564.0,-759474.0,1.0013986013986014,1.0,1.00069905627403,0.0013986013986013734,0,157893.0,100170.0,258063.0,255647.0,1.0,1.0,1.0,0.0,0,198282.0,1029510.0,1227792.0,-363632.0,1.0,1.0,1.0,0.0,0,697.0,636.0,3184.0,22137.0,6,2.2376813843408083,1.7899874777911087,1.4286290817012877,1.1416216639563475,1.2058979297359036,1.2136693986045706,1.1621810300475495,1.2265465643796356,h2_buffer_B360_d,18357.0,-149216.0,1192627.0
28,35127.0,130.0,35257.0,139888.0,1.0,0.9998327479511624,0.9999162408911969,0.00016725204883760725,0,5757.0,948980.0,954737.0,-778482.0,1.0,1.0001729206294312,1.0000867077083153,-0.00017292062943119468,0,158125.0,101500.0,259625.0,252735.0,1.0,1.0,1.0,0.0,0,199009.0,1050610.0,1249619.0,-385859.0,1.0,1.0,1.0,0.0,0,704.0,676.0,3265.0,22402.0,6,2.1678274738388104,1.4546087804538248,1.4470310974717364,1.1492234673313813,1.191604941576499,1.2038309869149262,1.1636917083968594,1.222405121178671,h2_buffer_B360_d,18994.0,-157185.0,1214362.0
29,34304.0,650.0,34954.0,140486.0,1.0,1.0,1.0,0.0,0,6339.0,942780.0,949119.0,-772449.0,1.0,1.0,1.0,0.0,0,159374.0,102360.0,261734.0,250231.0,1.0,1.0,1.0,0.0,0,200017.0,1045790.0,1245807.0,-381732.0,1.0,1.0,1.0,0.0,0,710.0,659.0,3219.0,22558.0,6,1.7676494218079495,1.3918127772580497,1.4269019048622673,1.1433483028398008,1.2175815797882918,1.2030169941759534,1.17195070492126,1.220287201319841,h2_buffer_B360_d,18723.0,-124898.0,1210853.0
30,36730.0,2390.0,39120.0,137155.0,1.0,1.0,1.0,0.0,0,7891.0,909040.0,916931.0,-740101.0,1.0,1.0,1.0,0.0,0,159291.0,99890.0,259181.0,251199.0,1.0,0.9998830751242327,0.9999416824610001,0.00011692487576731025,0,203912.0,1011320.0,1215232.0,-351747.0,1.0,0.9999305676097899,0.9999654086962537,6.943239021006686e-05,0,710.0,554.0,3019.0,22685.0,6,1.6572593536814746,2.4453404590351666,1.4592349435274232,1.0809777476060496,1.1937130258146231,1.1992032975061608,1.1688684464369743,1.1989174239731846,h2_buffer_B360_d,22169.0,-83100.0,1176112.0
11,41055.0,390.0,41445.0,134015.0,1.0,1.0,1.0,0.0,0,6557.0,972340.0,978897.0,-803057.0,1.0,1.0,1.0,0.0,0,172158.0,106760.0,278918.0,234467.0,1.0,1.0,1.0,0.0,0,219770.0,1079490.0,1299260.0,-434575.0,1.0,1.0,1.0,0.0,0,694.0,681.0,3366.0,21416.0,6,1.9391220828054112,1.7568742753023023,1.4078866146916815,1.1530162067178245,1.2098184557624858,1.2040373321656903,1.170024803800048,1.2271886485426904,h2_buffer_B480_d,24808.0,-188723.0,1257815.0
12,40047.0,740.0,40787.0,135038.0,1.0,1.0,1.0,0.0,0,6744.0,962850.0,969594.0,-795114.0,1.0,1.0,1.0,0.0,0,169711.0,107190.0,276901.0,237269.0,1.0,1.0,1.0,0.0,0,216502.0,1070780.0,1287282.0,-422807.0,1.0,1.0,1.0,0.0,0,693.0,670.0,3349.0,21453.0,6,1.5911179279089014,1.251183204006384,1.4096130260271138,1.1683854781382514,1.2333392632724587,1.1982301027205138,1.176992325139124,1.2263093685585327,h2_buffer_B480_d,24761.0,-189423.0,1246495.0
13,39372.0,530.0,39902.0,137618.0,1.0,1.0,1.0,0.0,0,7054.0,951240.0,958294.0,-784244.0,1.0,1.0,1.0,0.0,0,169337.0,104560.0,273897.0,238073.0,1.0,1.0,1.0,0.0,0,215763.0,1056330.0,1272093.0,-408553.0,1.0,1.0,1.0,0.0,0,684.0,636.0,3265.0,21097.0,6,1.9115358212491422,1.5617911336280934,1.4190796913475923,1.122656640140181,1.225598076504638,1.205640748540671,1.172808088836531,1.2196747324400994,h2_buffer_B480_d,24695.0,-182767.0,1232191.0
14,39807.0,570.0,40377.0,134863.0,1.0,1.0,1.0,0.0,0,6564.0,958900.0,965464.0,-790774.0,1.0,1.0,1.0,0.0,0,172566.0,104240.0,276806.0,237109.0,1.0,1.0,1.0,0.0,0,218937.0,1063710.0,1282647.0,-418802.0,1.0,1.0,1.0,0.0,0,679.0,660.0,3306.0,20883.0,6,1.6581901186590955,1.6173477984124611,1.4186133411349975,1.1194396537192761,1.216183048744735,1.202145617918042,1.1697656808148669,1.216319682855779,h2_buffer_B480_d,24665.0,-182333.0,1242270.0
15,40344.0,410.0,40754.0,135021.0,0.9994972347913524,1.0,0.9997494571571739,-0.0005027652086475598,0,6830.0,978840.0,985670.0,-809665.0,1.0005210142410559,1.0,1.000259965337955,0.0005210142410558838,0,173660.0,104130.0,277790.0,236135.0,1.0,1.0,1.0,0.0,0,220834.0,1083380.0,1304214.0,-438509.0,1.0,1.0,1.0,0.0,0,700.0,663.0,3356.0,21827.0,6,1.8028058378237748,1.449612176060841,1.406472174619242,1.1436567141736567,1.2011979522295644,1.2102103030246836,1.165845138153429,1.2247570025259453,h2_buffer_B480_d,24679.0,-177582.0,1263460.0
16,40826.0,360.0,41186.0,133664.0,1.0,1.0,1.0,0.0,0,6561.0,957250.0,963811.0,-789631.0,1.0,1.0,1.0,0.0,0,172636.0,105300.0,277936.0,236239.0,1.0,1.0,1.0,0.0,0,220023.0,1062910.0,1282933.0,-419728.0,1.0,1.0,1.0,0.0,0,681.0,675.0,3335.0,21003.0,6,1.561479865771812,1.3209517294543736,1.3984664878689965,1.1237027455335047,1.2092415594122012,1.2067882036816,1.1656141699712064,1.2170806678762003,h2_buffer_B480_d,24861.0,-180391.0,1241747.0
17,40520.0,160.0,40680.0,134440.0,1.0,1.0,1.0,0.0,0,6666.0,987060.0,993726.0,-817201.0,1.0,1.0,1.0,0.0,0,172911.0,105960.0,278871.0,232499.0,1.0,0.999883761478554,0.9999416382152966,0.00011623852144604374,0,220097.0,1093180.0,1313277.0,-450262.0,1.0,0.9999308317482276,0.9999653895407192,6.916825177238906e-05,0,706.0,661.0,3360.0,21979.0,6,1.5696177926914103,1.3666956588902583,1.3987384417237374,1.1684089185002822,1.199662658647702,1.1956031496994164,1.1638860822109087,1.225165355360046,h2_buffer_B480_d,24700.0,-204283.0,1272597.0
18,40271.0,1030.0,41301.0,134364.0,1.0,1.0,1.0,0.0,0,6586.0,957180.0,963766.0,-789186.0,1.0,1.0,1.0,0.0,0,170119.0,106770.0,276889.0,236646.0,1.0,1.0,1.0,0.0,0,216976.0,1064980.0,1281956.0,-418176.0,1.0,1.0,1.0,0.0,0,680.0,677.0,3352.0,21003.0,6,2.138924193791603,1.8445219826195385,1.421496254466085,1.117846854195849,1.2011731707417828,1.2061309753383593,1.171083752787575,1.2216061393615916,h2_buffer_B480_d,24652.0,-189058.0,1240655.0
19,40303.0,400.0,40703.0,134922.0,1.0,1.0,1.0,0.0,0,6765.0,973600.0,980365.0,-805290.0,1.0,1.0,1.0,0.0,0,170837.0,103720.0,274557.0,236683.0,1.0,1.0,1.0,0.0,0,217905.0,1077720.0,1295625.0,-433685.0,1.0,1.0,1.0,0.0,0,693.0,687.0,3387.0,21549.0,6,2.4642389985699666,1.8464489183033541,1.4033533218652248,1.1876318261683672,1.2328050353828865,1.196842751398907,1.179464015180976,1.2335730446428173,h2_buffer_B480_d,24773.0,-185557.0,1254922.0
20,39977.0,700.0,40677.0,136723.0,1.0,1.0,1.0,0.0,0,7000.0,971600.0,978600.0,-802955.0,1.0,1.0,1.0,0.0,0,170723.0,105460.0,276183.0,236417.0,1.0,1.0,1.0,0.0,0,217700.0,1077760.0,1295460.0,-429815.0,1.0,1.0,1.0,0.0,0,692.0,673.0,3387.0,21530.0,6,1.4991566972449617,1.292722712494194,1.4041237428290583,1.1514515418848994,1.2196728661612586,1.199579855763492,1.168478956151377,1.2233407228343838,h2_buffer_B480_d,24729.0,-192213.0,1254783.0
21,40449.0,780.0,41229.0,134891.0,1.0,1.0,1.0,0.0,0,7240.0,947540.0,954780.0,-781180.0,1.0,1.0,1.0,0.0,0,167970.0,100510.0,268480.0,243850.0,1.0,1.0,1.0,0.0,0,215659.0,1048830.0,1264489.0,-402439.0,1.0,1.0,1.0,0.0,0,674.0,637.0,3282.0,21056.0,6,1.7105193638717173,1.6165781540295157,1.425739875561122,1.1845251045552687,1.2235388727756105,1.1959893911194863,1.1757294431320031,1.2343066002628038,h2_buffer_B480_d,24756.0,-169352.0,1223260.0
22,40433.0,260.0,40693.0,136537.0,1.0,0.9996685998342999,0.9998343273691186,0.000331400165700102,0,7086.0,964870.0,971956.0,-797076.0,1.0,1.000346680533888,1.0001741705129321,-0.0003466805338880885,0,169952.0,105340.0,275292.0,236758.0,0.999708862233609,1.0,0.9998543038638615,-0.0002911377663910031,0,217471.0,1070470.0,1287941.0,-423781.0,0.9998271391529818,1.0,0.9999136039258376,-0.00017286084701817472,0,689.0,679.0,3352.0,21384.0,6,1.692073590167967,1.4216068494481502,1.4106562322228544,1.1582776672717174,1.2421569741145888,1.195456535405689,1.179303739296394,1.2245124144310542,h2_buffer_B480_d,24729.0,-185749.0,1247248.0
23,40747.0,220.0,40967.0,134208.0,1.0,1.0,1.0,0.0,0,6662.0,963640.0,970302.0,-795387.0,1.0,1.0,1.0,0.0,0,171354.0,105810.0,277164.0,234671.0,1.0,1.0,1.0,0.0,0,218763.0,1069670.0,1288433.0,-426508.0,1.0,1.0,1.0,0.0,0,683.0,652.0,3316.0,21224.0,6,2.0034185567010305,1.659805322930784,1.3995270323939843,1.1765359312515347,1.2160102610438894,1.205138460743953,1.172097479739612,1.2331929756257687,h2_buffer_B480_d,24760.0,-178496.0,1247466.0
24,40706.0,380.0,41086.0,133894.0,1.0,1.0,1.0,0.0,0,6549.0,981860.0,988409.0,-812489.0,1.0,1.0,1.0,0.0,0,171868.0,104310.0,276178.0,238597.0,1.0,1.0,1.0,0.0,0,219123.0,1086550.0,1305673.0,-439998.0,1.0,1.0,1.0,0.0,0,688.0,711.0,3425.0,21272.0,6,2.2759796981836806,2.0033607866730287,1.4018981041960887,1.166862848013097,1.2285544760039544,1.1957197923627694,1.171849490581725,1.2307828167785404,h2_buffer_B480_d,24565.0,-198013.0,1264587.0
25,40141.0,540.0,40681.0,135704.0,1.0,1.0,1.0,0.0,0,7074.0,953070.0,960144.0,-786399.0,1.0,1.0,1.0,0.0,0,170315.0,107130.0,277445.0,236930.0,1.0,1.0,1.0,0.0,0,217530.0,1060740.0,1278270.0,-413765.0,1.0,1.0,1.0,0.0,0,683.0,662.0,3322.0,21017.0,6,1.7095659776624927,1.3702990532332293,1.411081096400754,1.1516348093594655,1.2082180826110778,1.2006590374208221,1.1686762847428631,1.2224774314225748,h2_buffer_B480_d,24755.0,-193861.0,1237589.0
26,40300.0,320.0,40620.0,135230.0,1.0,1.0,1.0,0.0,0,6958.0,966110.0,973068.0,-799533.0,1.0,1.0,1.0,0.0,0,171300.0,103950.0,275250.0,239110.0,1.0,1.0,1.0,0.0,0,218558.0,1070380.0,1288938.0,-425193.0,1.0,1.0,1.0,0.0,0,689.0,707.0,3421.0,21187.0,6,1.6490566037735848,1.3905769194464896,1.4065142829527058,1.1131075715667884,1.2264474606169231,1.2101407669606576,1.173215640866906,1.2163972714760969,h2_buffer_B480_d,24663.0,-206395.0,1248318.0
27,40561.0,740.0,41301.0,134069.0,0.9986679986679987,1.0,0.9993304879069378,-0.001332001332001287,0,6443.0,958150.0,964593.0,-790753.0,1.0013986013986014,1.0,1.00069905627403,0.0013986013986013734,0,170335.0,105190.0,275525.0,238960.0,1.0,1.0,1.0,0.0,0,217339.0,1064080.0,1281419.0,-417724.0,1.0,1.0,1.0,0.0,0,685.0,649.0,3304.0,21172.0,6,2.0016043566913173,1.8477556959702157,1.3976866236422747,1.1585737683434665,1.2148617289636796,1.2086528582491995,1.1654192740008427,1.231107084741429,h2_buffer_B480_d,24493.0,-196707.0,1240118.0
28,41192.0,130.0,41322.0,133833.0,1.0,0.9998327479511624,0.9999162408911969,0.00016725204883760725,0,6420.0,969110.0,975530.0,-800475.0,1.0,1.0001729206294312,1.0000867077083153,-0.00017292062943119468,0,169756.0,104500.0,274256.0,239079.0,1.0,1.0,1.0,0.0,0,217368.0,1073740.0,1291108.0,-427563.0,1.0,1.0,1.0,0.0,0,685.0,688.0,3352.0,21210.0,6,2.1253423054417784,1.4329678939515267,1.416187933212377,1.1232385322517182,1.2255713541151312,1.2040097962956264,1.1749335871786628,1.218536842526288,h2_buffer_B480_d,25059.0,-192609.0,1249786.0
29,40250.0,650.0,40900.0,134550.0,1.0,1.0,1.0,0.0,0,6950.0,969720.0,976670.0,-801100.0,1.0,1.0,1.0,0.0,0,173435.0,106160.0,279595.0,233470.0,1.0,1.0,1.0,0.0,0,220635.0,1076530.0,1297165.0,-433080.0,1.0,1.0,1.0,0.0,0,696.0,661.0,3341.0,21589.0,6,1.564046620898682,1.3918127772580497,1.396259764424873,1.1129289547339887,1.21678920739488,1.2127706326733605,1.167157750867761,1.2167887300666143,h2_buffer_B480_d,24669.0,-170310.0,1256265.0
30,42717.0,2390.0,45107.0,131178.0,1.0,1.0,1.0,0.0,0,8359.0,937790.0,946149.0,-770519.0,1.0,1.0,1.0,0.0,0,172139.0,103540.0,275679.0,235806.0,1.0,0.9998830751242327,0.9999416824610001,0.00011692487576731025,0,223215.0,1043720.0,1266935.0,-403535.0,1.0,0.9999305676097899,0.9999654086962537,6.943239021006686e-05,0,700.0,558.0,3150.0,21733.0,6,1.6158964512711866,2.4521236431336666,1.420853092903689,1.134296401503585,1.2085878822523757,1.2011092319544716,1.1719104676108134,1.2116850583038028,h2_buffer_B480_d,28156.0,-128816.0,1221828.0
11,47294.0,390.0,47684.0,127781.0,1.0,1.0,1.0,0.0,0,7306.0,1000390.0,1007696.0,-833056.0,1.0,1.0,1.0,0.0,0,192849.0,113080.0,305929.0,208876.0,1.0,1.0,1.0,0.0,0,247449.0,1113860.0,1361309.0,-496399.0,1.0,1.0,1.0,0.0,0,679.0,672.0,3480.0,20466.0,6,1.902249455113706,1.7665362361070645,1.3781624686211384,1.1517705837487016,1.1830637277954736,1.1474421323502548,1.1629603389794902,1.2016609842750332,h2_buffer_B600_d,31047.0,-244533.0,1313625.0
12,46335.0,740.0,47075.0,128755.0,1.0,1.0,1.0,0.0,0,7558.0,987000.0,994558.0,-821228.0,1.0,1.0,1.0,0.0,0,191581.0,112250.0,303831.0,211764.0,1.0,1.0,1.0,0.0,0,245474.0,1099990.0,1345464.0,-480709.0,1.0,1.0,1.0,0.0,0,675.0,674.0,3478.0,20362.0,6,1.5509557558278428,1.251183204006384,1.3867452846906192,1.1243226537262447,1.183968585175428,1.1433554513828852,1.163322810762253,1.1894783367884332,h2_buffer_B600_d,31049.0,-241317.0,1298389.0
13,45700.0,530.0,46230.0,131295.0,1.0,1.0,1.0,0.0,0,7835.0,985980.0,993815.0,-820915.0,1.0,1.0,1.0,0.0,0,186077.0,110230.0,296307.0,216813.0,1.0,1.0,1.0,0.0,0,239612.0,1096740.0,1336352.0,-472807.0,1.0,1.0,1.0,0.0,0,676.0,640.0,3407.0,20395.0,6,1.9909543220601547,1.5617911336280934,1.3886974390051339,1.1365690722091204,1.2239806928435748,1.2083674559882553,1.17321285485348,1.2236192802163304,h2_buffer_B600_d,31023.0,-240698.0,1290122.0
14,46136.0,570.0,46706.0,128534.0,1.0,1.0,1.0,0.0,0,7342.0,994450.0,1001792.0,-828252.0,1.0,1.0,1.0,0.0,0,186675.0,112830.0,299505.0,215305.0,1.0,1.0,1.0,0.0,0,240153.0,1107850.0,1348003.0,-484413.0,1.0,1.0,1.0,0.0,0,676.0,652.0,3454.0,20244.0,6,1.499033183044388,1.613752193555614,1.3887207194378568,1.1345560013805522,1.2177497750909483,1.1970491218006667,1.173765831455327,1.2196963395117049,h2_buffer_B600_d,30994.0,-241360.0,1301297.0
15,46704.0,410.0,47114.0,128661.0,0.9994972347913524,1.0,0.9997494571571739,-0.0005027652086475598,0,7425.0,1007200.0,1014625.0,-839820.0,1.0005210142410559,1.0,1.000259965337955,0.0005210142410558838,0,193246.0,113250.0,306496.0,208419.0,1.0,1.0,1.0,0.0,0,247375.0,1120860.0,1368235.0,-502740.0,1.0,1.0,1.0,0.0,0,693.0,664.0,3472.0,20961.0,6,1.9433342085066845,1.4435042919296044,1.38299921659304,1.191451883707897,1.1769298106338033,1.142320709012873,1.1630517259744013,1.2095865097428227,h2_buffer_B600_d,31039.0,-235243.0,1321121.0
16,47134.0,360.0,47494.0,127361.0,1.0,1.0,1.0,0.0,0,7361.0,979660.0,987021.0,-814091.0,1.0,1.0,1.0,0.0,0,191178.0,110990.0,302168.0,213292.0,1.0,1.0,1.0,0.0,0,245673.0,1091010.0,1336683.0,-473438.0,1.0,1.0,1.0,0.0,0,665.0,653.0,3406.0,19999.0,6,1.6212214765100674,1.3209517294543736,1.3737978905698514,1.1372391851483363,1.1826702506058695,1.1460596456796328,1.1617417113603887,1.1942754036008616,h2_buffer_B600_d,31169.0,-227833.0,1289189.0
17,46828.0,160.0,46988.0,128137.0,1.0,1.0,1.0,0.0,0,7444.0,1017300.0,1024744.0,-849319.0,1.0,1.0,1.0,0.0,0,188085.0,111570.0,299655.0,212730.0,1.0,0.999883761478554,0.9999416382152966,0.00011623852144604374,0,242357.0,1129030.0,1371387.0,-508452.0,1.0,0.9999308317482276,0.9999653895407192,6.916825177238906e-05,0,693.0,673.0,3505.0,21119.0,6,1.5327883946474605,1.3666956588902583,1.3728476193889623,1.1320231848826818,1.2198901789122074,1.2043381613321218,1.1706822717347667,1.2206436212176672,h2_buffer_B600_d,31008.0,-256085.0,1324399.0
18,46590.0,1030.0,47620.0,128050.0,1.0,1.0,1.0,0.0,0,7287.0,992450.0,999737.0,-826357.0,1.0,1.0,1.0,0.0,0,192677.0,113580.0,306257.0,208753.0,1.0,1.0,1.0,0.0,0,246554.0,1107060.0,1353614.0,-489554.0,1.0,1.0,1.0,0.0,0,678.0,683.0,3487.0,20373.0,6,2.1084261433402984,1.8445219826195385,1.3946426635711224,1.150431552030664,1.178980506809715,1.140091208871745,1.1661025559891336,1.1971063851550205,h2_buffer_B600_d,30971.0,-254397.0,1305994.0
19,46561.0,400.0,46961.0,128669.0,1.0,1.0,1.0,0.0,0,7441.0,1000430.0,1007871.0,-833996.0,1.0,1.0,1.0,0.0,0,191978.0,110560.0,302538.0,210187.0,1.0,1.0,1.0,0.0,0,245980.0,1111390.0,1357370.0,-495140.0,1.0,1.0,1.0,0.0,0,679.0,688.0,3500.0,20510.0,6,2.325746338165185,1.8310834758277623,1.3749385704522572,1.1575933048474234,1.189278972622838,1.1381049096918145,1.1660661227162887,1.1992771574822727,h2_buffer_B600_d,31031.0,-241044.0,1310409.0
20,46376.0,700.0,47076.0,130324.0,1.0,1.0,1.0,0.0,0,7745.0,1000140.0,1007885.0,-833400.0,1.0,1.0,1.0,0.0,0,193399.0,112350.0,305749.0,208291.0,1.0,1.0,1.0,0.0,0,247520.0,1113190.0,1360710.0,-494785.0,1.0,1.0,1.0,0.0,0,682.0,659.0,3464.0,20679.0,6,1.4770924566475065,1.292722712494194,1.3739994817440546,1.1514670214027274,1.1821450074450914,1.1450548091210797,1.157385718976862,1.1968436171879862,h2_buffer_B600_d,31128.0,-251064.0,1313634.0
21,46747.0,780.0,47527.0,128593.0,1.0,1.0,1.0,0.0,0,7975.0,986690.0,994665.0,-822165.0,1.0,1.0,1.0,0.0,0,189890.0,107450.0,297340.0,216375.0,1.0,1.0,1.0,0.0,0,244612.0,1094920.0,1339532.0,-477197.0,1.0,1.0,1.0,0.0,0,669.0,650.0,3432.0,20463.0,6,1.8203271239172245,1.6384013266699409,1.3952349299987532,1.1358990865218737,1.1857555168408322,1.1281462925386991,1.1681799504535089,1.19212915673644,h2_buffer_B600_d,31054.0,-238097.0,1292005.0
22,46772.0,260.0,47032.0,130198.0,1.0,0.9996685998342999,0.9998343273691186,0.000331400165700102,0,7846.0,997800.0,1005646.0,-831861.0,1.0,1.000346680533888,1.0001741705129321,-0.0003466805338880885,0,192537.0,113130.0,305667.0,207758.0,0.999708862233609,1.0,0.9998543038638615,-0.0002911377663910031,0,247155.0,1111190.0,1358345.0,-493905.0,0.9998271391529818,1.0,0.9999136039258376,-0.00017286084701817472,0,684.0,673.0,3483.0,20705.0,6,1.6091658363523422,1.4216068494481502,1.3864423325739934,1.1408576929691117,1.185414984396557,1.1377887374921294,1.162709843289046,1.192936230125505,h2_buffer_B600_d,31068.0,-249814.0,1311313.0
23,47045.0,220.0,47265.0,127915.0,1.0,1.0,1.0,0.0,0,7441.0,999460.0,1006901.0,-833086.0,1.0,1.0,1.0,0.0,0,186485.0,113010.0,299495.0,213440.0,1.0,1.0,1.0,0.0,0,240971.0,1112690.0,1353661.0,-491731.0,1.0,1.0,1.0,0.0,0,683.0,642.0,3428.0,20700.0,6,1.825385567010309,1.659805322930784,1.3702133124649118,1.1565512935461295,1.2214733323786757,1.203035028109177,1.1717178414213723,1.227988443002922,h2_buffer_B600_d,31058.0,-237426.0,1306396.0
24,47046.0,380.0,47426.0,127559.0,1.0,1.0,1.0,0.0,0,7318.0,1016040.0,1023358.0,-848588.0,1.0,1.0,1.0,0.0,0,192012.0,110670.0,302682.0,213533.0,1.0,1.0,1.0,0.0,0,246376.0,1127090.0,1373466.0,-507496.0,1.0,1.0,1.0,0.0,0,676.0,722.0,3565.0,20398.0,6,2.3211473397407105,1.9999035872432147,1.3739037778305232,1.1498730565729443,1.1861237600807215,1.1418483426204686,1.1624882138495365,1.201975463291868,h2_buffer_B600_d,30905.0,-259466.0,1326040.0
25,46440.0,540.0,46980.0,129405.0,1.0,1.0,1.0,0.0,0,7878.0,983410.0,991288.0,-818688.0,1.0,1.0,1.0,0.0,0,191195.0,114020.0,305215.0,210430.0,1.0,1.0,1.0,0.0,0,245513.0,1097970.0,1343483.0,-478853.0,1.0,1.0,1.0,0.0,0,675.0,668.0,3457.0,20181.0,6,1.6869332448767844,1.383273973907247,1.385129794338396,1.1334210280148598,1.1819549443607167,1.1451917132866059,1.1633026412901009,1.1923775034419763,h2_buffer_B600_d,31054.0,-252775.0,1296503.0
26,46639.0,320.0,46959.0,128896.0,1.0,1.0,1.0,0.0,0,7799.0,991830.0,999629.0,-827244.0,1.0,1.0,1.0,0.0,0,186379.0,110270.0,296649.0,218716.0,1.0,1.0,1.0,0.0,0,240817.0,1102420.0,1343237.0,-479632.0,1.0,1.0,1.0,0.0,0,680.0,667.0,3473.0,20398.0,6,1.7075471698113205,1.3905769194464896,1.376696741892142,1.1296120834735668,1.23338688990038,1.2009626556157817,1.1774745648778917,1.218427471954938,h2_buffer_B600_d,31002.0,-254355.0,1296278.0
27,46820.0,740.0,47560.0,127815.0,0.9986679986679987,1.0,0.9993304879069378,-0.001332001332001287,0,7316.0,969890.0,977206.0,-804566.0,1.0013986013986014,1.0,1.00069905627403,0.0013986013986013734,0,190782.0,109690.0,300472.0,215433.0,1.0,1.0,1.0,0.0,0,244918.0,1080320.0,1325238.0,-461318.0,1.0,1.0,1.0,0.0,0,657.0,625.0,3321.0,19685.0,6,2.1392490307226586,1.8345032327863786,1.3755491888270124,1.1540057126410586,1.1807278642880767,1.1459920693323096,1.1593181183564762,1.2018096192247127,h2_buffer_B600_d,30752.0,-234267.0,1277678.0
28,47410.0,130.0,47540.0,127620.0,1.0,0.9998327479511624,0.9999162408911969,0.00016725204883760725,0,7190.0,995120.0,1002310.0,-828405.0,1.0,1.0001729206294312,1.0000867077083153,-0.00017292062943119468,0,187097.0,111300.0,298397.0,216333.0,1.0,1.0,1.0,0.0,0,241697.0,1106550.0,1348247.0,-484452.0,1.0,1.0,1.0,0.0,0,672.0,651.0,3434.0,20270.0,6,2.0937448800468106,1.4369617966076171,1.389234977231094,1.1491256993632422,1.244390744395494,1.2094376189074507,1.1821915758370878,1.2244818817117136,h2_buffer_B600_d,31277.0,-243530.0,1300707.0
29,46649.0,650.0,47299.0,128156.0,1.0,1.0,1.0,0.0,0,7618.0,995750.0,1003368.0,-828998.0,1.0,1.0,1.0,0.0,0,192601.0,112150.0,304751.0,209519.0,1.0,1.0,1.0,0.0,0,246868.0,1108550.0,1355418.0,-491323.0,1.0,1.0,1.0,0.0,0,681.0,649.0,3441.0,20594.0,6,1.7452908856219225,1.3918127772580497,1.369741886896685,1.1352724496757605,1.1773981092568004,1.139435101867345,1.1606115157031733,1.1915421142114802,h2_buffer_B600_d,31068.0,-222164.0,1308119.0
30,48996.0,2390.0,51386.0,124899.0,1.0,1.0,1.0,0.0,0,9146.0,967870.0,977016.0,-802586.0,1.0,1.0,1.0,0.0,0,193050.0,112270.0,305320.0,207505.0,1.0,0.9998830751242327,0.9999416824610001,0.00011692487576731025,0,251192.0,1082530.0,1333722.0,-470182.0,1.0,0.9999305676097899,0.9999654086962537,6.943239021006686e-05,0,690.0,577.0,3282.0,20896.0,6,1.5358117946851113,2.4524581382985104,1.3897215843828439,1.1260294696833215,1.1857256405875134,1.1414518922331636,1.1667060600326848,1.1848617890666122,h2_buffer_B600_d,34435.0,-189324.0,1282336.0
11,19617.0,410.0,20027.0,155608.0,1.0,1.0,1.0,0.0,0,5489.0,859860.0,865349.0,-685154.0,1.0,1.0,1.0,0.0,0,124048.0,92000.0,216048.0,292902.0,1.0,1.0,1.0,0.0,0,149154.0,952270.0,1101424.0,-236644.0,1.0,1.0,1.0,0.0,0,733.0,669.0,2951.0,25057.0,6,2.687718115482233,1.900129693317245,1.570017114002214,1.1002820999646674,1.1761961809539645,1.189585451170101,1.1689928800834388,1.2158367773452319,h2_buffer_B60_d,3390.0,-12305.0,1081397.0
12,18554.0,740.0,19294.0,156691.0,1.0,1.0,1.0,0.0,0,6050.0,853140.0,859190.0,-680245.0,1.0,1.0,1.0,0.0,0,122649.0,92320.0,214969.0,294731.0,1.0,1.0,1.0,0.0,0,147253.0,946200.0,1093453.0,-228823.0,1.0,1.0,1.0,0.0,0,731.0,675.0,2944.0,25176.0,6,2.0760291888974236,1.4514787335179598,1.570554278579937,1.0579904532054583,1.2121918254467086,1.1697993660542239,1.179080881519315,1.202825639367867,h2_buffer_B60_d,3268.0,-17087.0,1074159.0
13,17986.0,510.0,18496.0,159179.0,1.0,1.0,1.0,0.0,0,5783.0,835700.0,841483.0,-663128.0,1.0,1.0,1.0,0.0,0,123106.0,89370.0,212476.0,295184.0,1.0,1.0,1.0,0.0,0,146875.0,925580.0,1072455.0,-208765.0,1.0,1.0,1.0,0.0,0,722.0,633.0,2866.0,24647.0,6,1.7704134292840967,2.2928550126926637,1.586057213988627,1.1360594575077494,1.1682711852444363,1.168781924527167,1.1567963619134987,1.2180750762583865,h2_buffer_B60_d,3289.0,-4535.0,1053959.0
14,18290.0,570.0,18860.0,156520.0,1.0,1.0,1.0,0.0,0,5276.0,849380.0,854656.0,-675506.0,1.0,1.0,1.0,0.0,0,122262.0,89550.0,211812.0,297383.0,1.0,1.0,1.0,0.0,0,145828.0,939500.0,1085328.0,-221603.0,1.0,1.0,1.0,0.0,0,722.0,654.0,2882.0,24671.0,6,2.3607576799633203,2.302812027549135,1.5849843296265704,1.1414347967279068,1.1766541563144173,1.1698035081493936,1.1652586093771755,1.2211504823620156,h2_buffer_B60_d,3148.0,-6531.0,1066468.0
15,18863.0,410.0,19273.0,156652.0,0.9994972347913524,1.0,0.9997494571571739,-0.0005027652086475598,0,5970.0,870530.0,876500.0,-696190.0,1.0005210142410559,1.0,1.000259965337955,0.0005210142410558838,0,124048.0,89870.0,213918.0,295177.0,1.0,1.0,1.0,0.0,0,148881.0,960810.0,1109691.0,-244361.0,1.0,1.0,1.0,0.0,0,743.0,670.0,2966.0,25588.0,6,1.6431703442573016,1.5227308207858488,1.5606994435444106,1.102306480434539,1.1812020127099834,1.1650291421721575,1.1631159831053324,1.210207283882925,h2_buffer_B60_d,3198.0,-4540.0,1090418.0
16,19433.0,360.0,19793.0,155182.0,1.0,1.0,1.0,0.0,0,5529.0,843400.0,848929.0,-670384.0,1.0,1.0,1.0,0.0,0,124000.0,89780.0,213780.0,295995.0,1.0,1.0,1.0,0.0,0,148962.0,933540.0,1082502.0,-219207.0,1.0,1.0,1.0,0.0,0,728.0,631.0,2852.0,24860.0,6,2.0407576891344803,2.1792143440216534,1.5568148562410462,1.1098189100129385,1.1738761867267191,1.1760909657705423,1.1637073468257215,1.2152516626631342,h2_buffer_B60_d,3468.0,-1353.0,1062709.0
17,19023.0,160.0,19183.0,156077.0,1.0,1.0,1.0,0.0,0,5702.0,870960.0,876662.0,-695872.0,1.0,1.0,1.0,0.0,0,125835.0,89720.0,215555.0,291450.0,1.0,0.999883761478554,0.9999416382152966,0.00011623852144604374,0,150560.0,960840.0,1111400.0,-248345.0,1.0,0.9999308317482276,0.9999653895407192,6.916825177238906e-05,0,734.0,688.0,3002.0,25183.0,6,2.2016116421353034,2.1353059794345204,1.5487955787697916,1.079760475999029,1.1757966204026118,1.164829625939444,1.1676655762206545,1.2078950690238712,h2_buffer_B60_d,3203.0,-23903.0,1092217.0
18,18935.0,1030.0,19965.0,155865.0,1.0,1.0,1.0,0.0,0,5835.0,856640.0,862475.0,-683445.0,1.0,1.0,1.0,0.0,0,123996.0,94590.0,218586.0,290484.0,1.0,1.0,1.0,0.0,0,148766.0,952260.0,1101026.0,-237096.0,1.0,1.0,1.0,0.0,0,740.0,668.0,2938.0,25471.0,6,2.5683160512145786,2.651242214043035,1.5590275791477106,1.0582638498813728,1.1975617899641202,1.1684258689683453,1.177792125889138,1.2060976234287588,h2_buffer_B60_d,3316.0,-29464.0,1081061.0
19,18941.0,390.0,19331.0,156489.0,1.0,1.0,1.0,0.0,0,5797.0,859780.0,865577.0,-686172.0,1.0,1.0,1.0,0.0,0,122507.0,89230.0,211737.0,295128.0,1.0,1.0,1.0,0.0,0,147245.0,949400.0,1096645.0,-234555.0,1.0,1.0,1.0,0.0,0,734.0,674.0,2956.0,25221.0,6,2.4484556601499214,1.703635632953784,1.561276661368004,1.0948885845829728,1.1937732290592704,1.176882855902662,1.1743744017517104,1.2119784108196545,h2_buffer_B60_d,3401.0,-7949.0,1077314.0
20,18551.0,650.0,19201.0,158319.0,1.0,1.0,1.0,0.0,0,5988.0,849130.0,855118.0,-675158.0,1.0,1.0,1.0,0.0,0,123162.0,90790.0,213952.0,294328.0,1.0,1.0,1.0,0.0,0,147701.0,940570.0,1088271.0,-222511.0,1.0,1.0,1.0,0.0,0,721.0,680.0,2954.0,24826.0,6,2.2209773871779968,2.236396642776311,1.5639234864655092,1.0681715970984538,1.1869576401558513,1.1645685993417727,1.1670016812148212,1.2046928941470383,h2_buffer_B60_d,3253.0,-6500.0,1069070.0
21,18838.0,780.0,19618.0,156677.0,1.0,1.0,1.0,0.0,0,6353.0,854690.0,861043.0,-682993.0,1.0,1.0,1.0,0.0,0,120791.0,87740.0,208531.0,299329.0,1.0,1.0,1.0,0.0,0,145982.0,943210.0,1089192.0,-226987.0,1.0,1.0,1.0,0.0,0,725.0,669.0,2944.0,25200.0,6,1.9412769723722245,1.6435893835135515,1.5782047966901542,1.138016787584472,1.1871709793964706,1.1633078364243703,1.1701042472856755,1.218017837494983,h2_buffer_B60_d,3145.0,-15666.0,1069574.0
22,18861.0,260.0,19121.0,158259.0,1.0,0.9996685998342999,0.9998343273691186,0.000331400165700102,0,6171.0,851140.0,857311.0,-678076.0,1.0,1.000346680533888,1.0001741705129321,-0.0003466805338880885,0,123286.0,89730.0,213016.0,294664.0,0.999708862233609,1.0,0.9998543038638615,-0.0002911377663910031,0,148318.0,941130.0,1089448.0,-225153.0,0.9998271391529818,1.0,0.9999136039258376,-0.00017286084701817472,0,729.0,665.0,2923.0,25040.0,6,1.6444604802554814,1.5035769166874322,1.5746050442394663,1.1025492287494167,1.1817465515872194,1.1638630540800106,1.164168227830775,1.2080126602696324,h2_buffer_B60_d,3157.0,-8828.0,1070327.0
23,19018.0,220.0,19238.0,156107.0,1.0,1.0,1.0,0.0,0,5569.0,851250.0,856819.0,-677594.0,1.0,1.0,1.0,0.0,0,122986.0,91300.0,214286.0,293179.0,1.0,1.0,1.0,0.0,0,147573.0,942770.0,1090343.0,-228308.0,1.0,1.0,1.0,0.0,0,720.0,673.0,2929.0,24788.0,6,1.964783797445087,1.7520809558971606,1.5531677456878878,1.08552984024353,1.2171378592053537,1.1711017085420796,1.1749639662068347,1.209120428804864,h2_buffer_B60_d,3031.0,-2135.0,1071105.0
24,19511.0,380.0,19891.0,155274.0,1.0,1.0,1.0,0.0,0,5515.0,859950.0,865465.0,-685260.0,1.0,1.0,1.0,0.0,0,123180.0,89460.0,212640.0,297820.0,1.0,1.0,1.0,0.0,0,148206.0,949790.0,1097996.0,-232166.0,1.0,1.0,1.0,0.0,0,722.0,686.0,2960.0,24637.0,6,2.4150036749148085,2.4679600366554166,1.5652470670296643,1.125219774489238,1.186154767621228,1.1712599602314606,1.1694159754299547,1.2207901160312682,h2_buffer_B60_d,3370.0,-11531.0,1078105.0
25,18671.0,540.0,19211.0,157319.0,1.0,1.0,1.0,0.0,0,6224.0,844500.0,850724.0,-672469.0,1.0,1.0,1.0,0.0,0,120578.0,88490.0,209068.0,300617.0,1.0,1.0,1.0,0.0,0,145473.0,933530.0,1079003.0,-214533.0,1.0,1.0,1.0,0.0,0,734.0,632.0,2874.0,25009.0,6,2.1475726383238305,2.233809944848541,1.5630710021922356,1.0737710601009165,1.1699172921326444,1.1899222890284433,1.1657442213652958,1.215682594962008,h2_buffer_B60_d,3285.0,-16064.0,1059792.0
26,18705.0,310.0,19015.0,156995.0,1.0,1.0,1.0,0.0,0,5657.0,842960.0,848617.0,-670882.0,1.0,1.0,1.0,0.0,0,121542.0,89680.0,211222.0,298768.0,1.0,1.0,1.0,0.0,0,145904.0,932950.0,1078854.0,-215119.0,1.0,1.0,1.0,0.0,0,716.0,674.0,2925.0,24347.0,6,1.508273316577709,1.4051961459050244,1.5839582684964748,1.1142293825874254,1.18697634103294,1.1739696738663097,1.1646038665111647,1.212822926480938,h2_buffer_B60_d,3058.0,-17916.0,1059839.0
27,19314.0,710.0,20024.0,155506.0,0.9988344988344988,1.0,0.9994141769185706,-0.0011655011655011815,0,5595.0,836560.0,842155.0,-663880.0,1.0012237762237761,1.0,1.0006116742397764,0.0012237762237761185,0,121775.0,90390.0,212165.0,297885.0,1.0,1.0,1.0,0.0,0,146684.0,927660.0,1074344.0,-210489.0,1.0,1.0,1.0,0.0,0,724.0,630.0,2825.0,24820.0,6,2.406798828024605,2.339767698195977,1.564023092073569,1.06424081222864,1.1661956016165549,1.1783945992891585,1.1613926714294591,1.2101112723055292,h2_buffer_B60_d,3216.0,-10909.0,1054320.0
28,19534.0,130.0,19664.0,155736.0,1.0,0.9998327479511624,0.9999162408911969,0.00016725204883760725,0,5237.0,856130.0,861367.0,-682032.0,1.0,1.0001729206294312,1.0000867077083153,-0.00017292062943119468,0,123165.0,90690.0,213855.0,295155.0,1.0,1.0,1.0,0.0,0,147936.0,946950.0,1094886.0,-231141.0,1.0,1.0,1.0,0.0,0,726.0,673.0,2927.0,24839.0,6,2.1298760034673796,1.2509411764705884,1.593287338768203,1.0971226375497138,1.1838959808478444,1.1688355818302818,1.171422529015195,1.206183367830433,h2_buffer_B60_d,3401.0,-18045.0,1075222.0
29,18827.0,630.0,19457.0,156138.0,1.0,1.0,1.0,0.0,0,5771.0,860160.0,865931.0,-686146.0,1.0,1.0,1.0,0.0,0,123011.0,90370.0,213381.0,295189.0,1.0,1.0,1.0,0.0,0,147609.0,951160.0,1098769.0,-234819.0,1.0,1.0,1.0,0.0,0,731.0,676.0,2948.0,25026.0,6,1.8483323936331704,2.206923660206517,1.5570567035514427,1.1589878135608722,1.1644929918017772,1.1679173229305237,1.1582288792108406,1.2234619517118301,h2_buffer_B60_d,3226.0,6643.0,1079312.0
30,20039.0,1570.0,21609.0,154376.0,1.0,1.0,1.0,0.0,0,6034.0,870240.0,876274.0,-696199.0,1.0,1.0,1.0,0.0,0,122628.0,89350.0,211978.0,295352.0,1.0,0.9998830751242327,0.9999416824610001,0.00011692487576731025,0,148701.0,961160.0,1109861.0,-246471.0,1.0,0.9999305676097899,0.9999654086962537,6.943239021006686e-05,0,743.0,695.0,3034.0,25234.0,6,2.687820710770626,1.7880426193235701,1.3497084580859346,1.0896344879747795,1.186136604267061,1.1752100727652606,1.162917112234174,1.2099314962864767,h2_buffer_B60_d,4658.0,4760.0,1088252.0
11,16247.0,390.0,16637.0,159043.0,1.0,1.0,1.0,0.0,0,3391.0,962340.0,965731.0,-785946.0,1.0,1.0,1.0,0.0,0,130038.0,140980.0,271018.0,238332.0,1.0,1.0,1.0,0.0,0,149676.0,1103710.0,1253386.0,-388571.0,1.0,1.0,1.0,0.0,0,1236.0,670.0,2833.0,35249.0,8,1.9577192122041245,1.9577192122041245,1.5369929398598423,0.9577652901111621,1.2003493792793811,1.175857214990227,1.1676033228702876,1.1847415300331359,h3_detect_reroute,0.0,-167657.0,1236749.0
12,15286.0,740.0,16026.0,160004.0,1.0,1.0,1.0,0.0,0,4199.0,969480.0,973679.0,-794849.0,1.0,1.0,1.0,0.0,0,128517.0,139220.0,267737.0,242208.0,1.0,1.0,1.0,0.0,0,148002.0,1109440.0,1257442.0,-392637.0,1.0,1.0,1.0,0.0,0,1236.0,643.0,2908.0,35871.0,8,1.2687180247035532,1.2687180247035532,1.5523385387768471,0.9747461755050736,1.1651555337539776,1.1576623468641123,1.1488623551485715,1.1827256872159289,h3_detect_reroute,0.0,-184344.0,1241416.0
13,14717.0,490.0,15207.0,162513.0,1.0,1.0,1.0,0.0,0,3776.0,949500.0,953276.0,-775141.0,1.0,1.0,1.0,0.0,0,126926.0,142830.0,269756.0,238099.0,1.0,1.0,1.0,0.0,0,145419.0,1092820.0,1238239.0,-374529.0,1.0,1.0,1.0,0.0,0,1226.0,634.0,2800.0,35432.0,8,1.5133739645728188,1.5133739645728188,1.5682364419026653,0.9897258418421895,1.1787783140361545,1.1783262312861347,1.154303940630274,1.1894224890574217,h3_detect_reroute,0.0,-173608.0,1223032.0
14,15142.0,570.0,15712.0,159688.0,1.0,1.0,1.0,0.0,0,3378.0,964210.0,967588.0,-788643.0,1.0,1.0,1.0,0.0,0,127762.0,138770.0,266532.0,243093.0,1.0,1.0,1.0,0.0,0,146282.0,1103550.0,1249832.0,-385862.0,1.0,1.0,1.0,0.0,0,1241.0,669.0,2809.0,35480.0,8,1.8307989167230876,1.8307989167230876,1.5589029981965847,0.9464530052104626,1.173924078325898,1.1648386275315001,1.159251996826828,1.178410157722015,h3_detect_reroute,0.0,-174183.0,1234120.0
15,15695.0,380.0,16075.0,159890.0,0.9994972347913524,1.0,0.9997494571571739,-0.0005027652086475598,0,3988.0,990560.0,994548.0,-814353.0,1.0005210142410559,1.0,1.000259965337955,0.0005210142410558838,0,130943.0,142340.0,273283.0,236332.0,1.0,1.0,1.0,0.0,0,150626.0,1133280.0,1283906.0,-418131.0,1.0,1.0,1.0,0.0,0,1254.0,682.0,2947.0,36382.0,8,1.4085240830755636,1.4085240830755636,1.5234921833200181,0.9722238971858879,1.1599541005936078,1.174156974694872,1.148651473026215,1.1855178479485933,h3_detect_reroute,0.0,-181953.0,1267831.0
16,16005.0,320.0,16325.0,158690.0,1.0,1.0,1.0,0.0,0,3424.0,960310.0,963734.0,-785404.0,1.0,1.0,1.0,0.0,0,130165.0,139230.0,269395.0,241000.0,1.0,1.0,1.0,0.0,0,149594.0,1099860.0,1249454.0,-385714.0,1.0,1.0,1.0,0.0,0,1241.0,642.0,2803.0,35424.0,8,1.3072442475964134,1.3072442475964134,1.5094160818740239,0.982519459345075,1.1571599530810368,1.1751551087269252,1.14027991661793,1.1861073758383713,h3_detect_reroute,0.0,-171773.0,1233129.0
17,15820.0,160.0,15980.0,159320.0,1.0,1.0,1.0,0.0,0,3859.0,984770.0,988629.0,-807954.0,1.0,1.0,1.0,0.0,0,129208.0,140290.0,269498.0,237872.0,1.0,0.999883761478554,0.9999416382152966,0.00011623852144604374,0,148887.0,1125220.0,1274107.0,-410762.0,1.0,0.9999308317482276,0.9999653895407192,6.916825177238906e-05,0,1240.0,682.0,2967.0,35880.0,8,1.4558622322791135,1.4558622322791135,1.5364915636649008,0.9796064732757416,1.163261083868954,1.1696060111608306,1.1499912469269453,1.188558559022324,h3_detect_reroute,0.0,-189813.0,1258127.0
18,15639.0,1010.0,16649.0,159221.0,1.0,1.0,1.0,0.0,0,4021.0,960660.0,964681.0,-785816.0,1.0,1.0,1.0,0.0,0,129506.0,140180.0,269686.0,239729.0,1.0,1.0,1.0,0.0,0,149166.0,1101850.0,1251016.0,-386866.0,1.0,1.0,1.0,0.0,0,1234.0,637.0,2866.0,35781.0,8,1.8332343750000004,1.8332343750000004,1.5501059461298734,0.9861039141340929,1.1495406878657684,1.1356539645432182,1.150344662151571,1.1834874513595774,h3_detect_reroute,0.0,-182770.0,1234367.0
19,15570.0,360.0,15930.0,159935.0,1.0,1.0,1.0,0.0,0,3924.0,969060.0,972984.0,-793779.0,1.0,1.0,1.0,0.0,0,127987.0,138190.0,266177.0,241073.0,1.0,1.0,1.0,0.0,0,147481.0,1107610.0,1255091.0,-392771.0,1.0,1.0,1.0,0.0,0,1232.0,639.0,2890.0,35649.0,8,1.6570971824418836,1.6570971824418836,1.5506082250912678,0.9777722813697624,1.1704307605875512,1.1423704046550247,1.1558558671408659,1.1828394410363294,h3_detect_reroute,0.0,-169796.0,1239161.0
20,15288.0,660.0,15948.0,161607.0,1.0,1.0,1.0,0.0,0,4040.0,965560.0,969600.0,-789800.0,1.0,1.0,1.0,0.0,0,127647.0,143540.0,271187.0,237243.0,1.0,1.0,1.0,0.0,0,146975.0,1109760.0,1256735.0,-390950.0,1.0,1.0,1.0,0.0,0,1238.0,674.0,2867.0,35862.0,8,1.1547557704757752,1.1547557704757752,1.5271533666744326,0.9426143666812513,1.188826182277371,1.1670671464924096,1.1477596042682652,1.1759007003427049,h3_detect_reroute,0.0,-178217.0,1240787.0
21,15703.0,770.0,16473.0,159832.0,1.0,1.0,1.0,0.0,0,4442.0,961220.0,965662.0,-787817.0,1.0,1.0,1.0,0.0,0,127562.0,140830.0,268392.0,239963.0,1.0,1.0,1.0,0.0,0,147707.0,1102820.0,1250527.0,-388022.0,1.0,1.0,1.0,0.0,0,1226.0,613.0,2837.0,35842.0,8,1.7424887614962679,1.7424887614962679,1.5894896791427393,1.010694467839899,1.1743758966703153,1.1700739841133718,1.1610982836182533,1.1951789474233727,h3_detect_reroute,0.0,-180146.0,1234054.0
22,15704.0,260.0,15964.0,161436.0,1.0,0.9996685998342999,0.9998343273691186,0.000331400165700102,0,4196.0,963510.0,967706.0,-788671.0,1.0,1.000346680533888,1.0001741705129321,-0.0003466805338880885,0,127630.0,139720.0,267350.0,240520.0,0.999708862233609,1.0,0.9998543038638615,-0.0002911377663910031,0,147530.0,1103490.0,1251020.0,-386715.0,0.9998271391529818,1.0,0.9999136039258376,-0.00017286084701817472,0,1233.0,615.0,2842.0,35670.0,8,1.4814631077742948,1.4814631077742948,1.5700032142547269,1.0519481405676192,1.167586726364789,1.1500550060769477,1.151402455341057,1.1984657246288644,h3_detect_reroute,0.0,-173557.0,1235056.0
23,16007.0,200.0,16207.0,159158.0,1.0,1.0,1.0,0.0,0,3600.0,956850.0,960450.0,-781390.0,1.0,1.0,1.0,0.0,0,128848.0,141550.0,270398.0,237487.0,1.0,1.0,1.0,0.0,0,148455.0,1098600.0,1247055.0,-384745.0,1.0,1.0,1.0,0.0,0,1225.0,672.0,2825.0,35211.0,8,1.6725207416351813,1.6725207416351813,1.502860306685892,0.9607117555404383,1.1645242288124853,1.1945164435643698,1.144048602165408,1.1857816354678525,h3_detect_reroute,0.0,-161878.0,1230848.0
24,16141.0,380.0,16521.0,158669.0,1.0,1.0,1.0,0.0,0,3542.0,972710.0,976252.0,-796202.0,1.0,1.0,1.0,0.0,0,136152.0,139330.0,275482.0,235963.0,1.0,1.0,1.0,0.0,0,155835.0,1112420.0,1268255.0,-401570.0,1.0,1.0,1.0,0.0,0,1239.0,684.0,2891.0,35257.0,8,1.7023384124415677,1.7023384124415677,1.5293209573396178,0.9720383060007924,1.1767436113706518,1.2160020236028146,1.1545584951681327,1.1980624228196974,h3_detect_reroute,0.0,-185160.0,1251734.0
25,15396.0,530.0,15926.0,160644.0,1.0,1.0,1.0,0.0,0,4197.0,940400.0,944597.0,-766657.0,1.0,1.0,1.0,0.0,0,127937.0,139480.0,267417.0,242808.0,1.0,1.0,1.0,0.0,0,147530.0,1080410.0,1227940.0,-363205.0,1.0,1.0,1.0,0.0,0,1217.0,590.0,2776.0,35123.0,8,1.287835097001764,1.287835097001764,1.5494903171012357,0.9875851448475295,1.171342952345695,1.1530262712657942,1.1524522193681375,1.1853870645711218,h3_detect_reroute,0.0,-168286.0,1212014.0
26,15667.0,290.0,15957.0,160063.0,1.0,1.0,1.0,0.0,0,3735.0,951480.0,955215.0,-777735.0,1.0,1.0,1.0,0.0,0,128300.0,139020.0,267320.0,243145.0,1.0,1.0,1.0,0.0,0,147702.0,1090790.0,1238492.0,-374527.0,1.0,1.0,1.0,0.0,0,1227.0,660.0,2805.0,34818.0,8,1.5272882399805627,1.5272882399805627,1.5614918786807348,1.011640434670417,1.1660027797976924,1.1567890080967465,1.1552436612914234,1.1886881232281477,h3_detect_reroute,0.0,-180612.0,1222535.0
27,16148.0,660.0,16808.0,158752.0,0.9988344988344988,1.0,0.9994141769185706,-0.0011655011655011815,0,3745.0,950860.0,954605.0,-776540.0,1.0012237762237761,1.0,1.0006116742397764,0.0012237762237761185,0,126207.0,141790.0,267997.0,242403.0,1.0,1.0,1.0,0.0,0,146100.0,1093310.0,1239410.0,-375385.0,1.0,1.0,1.0,0.0,0,1223.0,622.0,2815.0,35467.0,8,1.5895626170263053,1.5895626170263053,1.5383562565796345,1.0004488174018196,1.1744250456169738,1.1888056144373642,1.1520279671511733,1.19793687280785,h3_detect_reroute,0.0,-179191.0,1222602.0
28,16153.0,110.0,16263.0,159212.0,1.0,1.0,1.0,0.0,0,3500.0,968990.0,972490.0,-793315.0,1.0,1.0,1.0,0.0,0,128147.0,140230.0,268377.0,240988.0,1.0,1.0,1.0,0.0,0,147800.0,1109330.0,1257130.0,-393115.0,1.0,1.0,1.0,0.0,0,1233.0,628.0,2842.0,35362.0,8,1.1923840613069585,1.1923840613069585,1.5963681910051009,1.026815874140889,1.1644672538586074,1.163964287264628,1.1513687978507081,1.1946190875723333,h3_detect_reroute,0.0,-183690.0,1240867.0
29,15621.0,610.0,16231.0,159399.0,1.0,1.0,1.0,0.0,0,3723.0,969300.0,973023.0,-793508.0,1.0,1.0,1.0,0.0,0,128600.0,142640.0,271240.0,237635.0,1.0,1.0,1.0,0.0,0,147944.0,1112550.0,1260494.0,-396474.0,1.0,1.0,1.0,0.0,0,1239.0,667.0,2850.0,35550.0,8,1.4020833333333336,1.4020833333333336,1.5435191517252262,1.0196427516988296,1.1605115591015083,1.1687450321739152,1.149278236819245,1.194300220236576,h3_detect_reroute,0.0,-158308.0,1244263.0
30,15951.0,1000.0,16951.0,158784.0,1.0,1.0,1.0,0.0,0,4196.0,999740.0,1003936.0,-823346.0,1.0,1.0,1.0,0.0,0,130411.0,140460.0,270871.0,236384.0,1.0,0.9998830751242327,0.9999416824610001,0.00011692487576731025,0,150558.0,1141200.0,1291758.0,-428178.0,1.0,0.9999305676097899,0.9999654086962537,6.943239021006686e-05,0,1259.0,694.0,2980.0,36622.0,8,1.756785938480854,1.756785938480854,1.5360631653224694,0.9124993866796023,1.1551974980180082,1.1566359410243898,1.1520840930611496,1.1712002152938237,h3_detect_reroute,0.0,-181795.0,1274807.0
11,16247.0,390.0,16637.0,159043.0,1.0,1.0,1.0,0.0,0,20370.0,160670.0,181040.0,-4365.0,1.0,1.0,1.0,0.0,0,62133.0,47450.0,109583.0,402872.0,1.0,1.0,1.0,0.0,0,98750.0,208510.0,307260.0,557550.0,1.0,1.0,1.0,0.0,0,123.0,467.0,1091.0,2635.0,1,1.9577192122041245,1.9577192122041245,2.012258343371722,0.9082909813192922,1.2278768463033773,1.1961471370640875,1.0984885769875887,1.2337184080054022,h3b_upstream_reroute,0.0,778469.0,290623.0
12,15286.0,740.0,16026.0,160004.0,1.0,1.0,1.0,0.0,0,20254.0,171250.0,191504.0,-16089.0,1.0,1.0,1.0,0.0,0,61409.0,49120.0,110529.0,402671.0,1.0,1.0,1.0,0.0,0,96949.0,221110.0,318059.0,546586.0,1.0,1.0,1.0,0.0,0,111.0,474.0,1085.0,2733.0,1,1.2687180247035532,1.2687180247035532,1.836091876169408,1.1425324007676536,1.2037725298979325,1.0803989316002638,1.0867979413019582,1.2292620505501908,h3b_upstream_reroute,0.0,755039.0,302033.0
13,14717.0,490.0,15207.0,162513.0,1.0,1.0,1.0,0.0,0,20042.0,161670.0,181712.0,-6757.0,1.0,1.0,1.0,0.0,0,61527.0,48680.0,110207.0,400828.0,1.0,1.0,1.0,0.0,0,96286.0,210840.0,307126.0,556584.0,1.0,1.0,1.0,0.0,0,157.0,457.0,1029.0,2805.0,1,1.5133739645728188,1.5133739645728188,1.8687402857888586,1.016374564998969,1.1892303109787732,1.112773067046476,1.0874876849672923,1.2282729545725282,h3b_upstream_reroute,0.0,757505.0,291919.0
14,15142.0,570.0,15712.0,159688.0,1.0,1.0,1.0,0.0,0,19739.0,157710.0,177449.0,-1709.0,1.0,1.0,1.0,0.0,0,61522.0,44400.0,105922.0,406663.0,1.0,1.0,1.0,0.0,0,96403.0,202680.0,299083.0,564642.0,1.0,1.0,1.0,0.0,0,109.0,453.0,1040.0,2444.0,1,1.8307989167230876,1.8307989167230876,1.588607944314618,1.1919309844971848,1.1880190244907036,1.23156679964074,1.0806903431781834,1.2528469337150818,h3b_upstream_reroute,0.0,776566.0,283371.0
15,15695.0,380.0,16075.0,159890.0,0.9994972347913524,1.0,0.9997494571571739,-0.0005027652086475598,0,20572.0,179970.0,200542.0,-23862.0,1.0005210142410559,1.0,1.000259965337955,0.0005210142410558838,0,60902.0,41070.0,101972.0,410748.0,1.0,1.0,1.0,0.0,0,97169.0,221420.0,318589.0,546776.0,1.0,1.0,1.0,0.0,0,135.0,496.0,1112.0,2209.0,47,1.4085240830755636,1.4085240830755636,2.0502886358673917,1.1137937250036662,1.1299811086653013,1.1496180984798174,1.0862382627478309,1.2378373821196806,h3b_upstream_reroute,0.0,783364.0,302514.0
16,16005.0,320.0,16325.0,158690.0,1.0,1.0,1.0,0.0,0,19731.0,165550.0,185281.0,-10251.0,1.0,1.0,1.0,0.0,0,60485.0,42270.0,102755.0,410285.0,1.0,1.0,1.0,0.0,0,96221.0,208140.0,304361.0,558724.0,1.0,1.0,1.0,0.0,0,118.0,479.0,1102.0,2311.0,1,1.3072442475964134,1.3072442475964134,1.7772771275605979,1.2637305787415496,1.1905690138039369,1.1369475807665674,1.0850811864335552,1.2415115032753203,h3b_upstream_reroute,0.0,773320.0,288036.0
17,15820.0,160.0,15980.0,159320.0,1.0,1.0,1.0,0.0,0,19824.0,172680.0,192504.0,-15419.0,1.0,1.0,1.0,0.0,0,61758.0,45090.0,106848.0,403847.0,1.0,0.999883761478554,0.9999416382152966,0.00011623852144604374,0,97402.0,217930.0,315332.0,547748.0,1.0,0.9999308317482276,0.9999653895407192,6.916825177238906e-05,0,103.0,468.0,1061.0,2442.0,50,1.4558622322791135,1.4558622322791135,1.6877710484792934,1.0837948531684116,1.18143942141976,1.1765427236764048,1.0841746577640312,1.2394433045881248,h3b_upstream_reroute,0.0,768962.0,299352.0
18,15639.0,1010.0,16649.0,159221.0,1.0,1.0,1.0,0.0,0,20227.0,166640.0,186867.0,-11462.0,0.9982569287083842,1.0,0.9991292990857641,-0.001743071291615772,0,61363.0,49210.0,110573.0,402102.0,1.0005828864537187,1.0,1.0002908160297797,0.0005828864537187339,0,97229.0,216860.0,314089.0,549861.0,1.0,1.0,1.0,0.0,0,138.0,492.0,1065.0,2756.0,1,1.8332343750000004,1.8332343750000004,1.7200476800141278,1.2385201706222584,1.2072829106979415,1.1124735280415126,1.0905010875321914,1.2427607052351908,h3b_upstream_reroute,0.0,754157.0,297440.0
19,15570.0,360.0,15930.0,159935.0,1.0,1.0,1.0,0.0,0,20697.0,164370.0,185067.0,-9222.0,1.0,1.0,1.0,0.0,0,62587.0,55810.0,118397.0,392033.0,1.0,1.0,1.0,0.0,0,98854.0,220540.0,319394.0,542746.0,1.0,1.0,1.0,0.0,0,123.0,480.0,1088.0,3305.0,1,1.6570971824418836,1.6570971824418836,1.8847543888950755,0.8609960343082681,1.2785658033130245,1.1382820960782987,1.099722912287622,1.221995302733294,h3b_upstream_reroute,0.0,765901.0,303464.0
20,15288.0,660.0,15948.0,161607.0,1.0,1.0,1.0,0.0,0,19915.0,172430.0,192345.0,-16225.0,1.0,1.0,1.0,0.0,0,61330.0,46520.0,107850.0,404260.0,1.0,1.0,1.0,0.0,0,96533.0,219610.0,316143.0,549642.0,1.0,1.0,1.0,0.0,0,141.0,454.0,1047.0,2591.0,46,1.1547557704757752,1.1547557704757752,1.7110721935910207,1.1852205224427168,1.2021344338791364,1.1779602985681155,1.0830542805233132,1.2404058452150102,h3b_upstream_reroute,0.0,762375.0,300195.0
21,15703.0,770.0,16473.0,159832.0,1.0,1.0,1.0,0.0,0,21538.0,162710.0,184248.0,-9728.0,1.0,1.0,1.0,0.0,0,60487.0,48290.0,108777.0,402603.0,1.0,1.0,1.0,0.0,0,97728.0,211770.0,309498.0,552707.0,1.0,1.0,1.0,0.0,0,127.0,476.0,1064.0,2764.0,1,1.7424887614962679,1.7424887614962679,1.6717045269500084,1.247413175422562,1.1721675321572285,1.1293027022435178,1.0819020172428602,1.2481465681405886,h3b_upstream_reroute,0.0,760883.0,293025.0
22,15704.0,260.0,15964.0,161436.0,1.0,0.9996685998342999,0.9998343273691186,0.000331400165700102,0,20451.0,167070.0,187521.0,-12031.0,1.0,1.000346680533888,1.0001741705129321,-0.0003466805338880885,0,61781.0,46270.0,108051.0,403374.0,0.999708862233609,1.0,0.9998543038638615,-0.0002911377663910031,0,97936.0,213600.0,311536.0,552779.0,0.9998271391529818,1.0,0.9999136039258376,-0.00017286084701817472,0,124.0,461.0,1024.0,2511.0,1,1.4814631077742948,1.4814631077742948,1.9817328188661936,1.1632775719883661,1.1866089025827355,1.1746331957817515,1.0911725380303825,1.242656296839925,h3b_upstream_reroute,0.0,765927.0,295572.0
23,16007.0,200.0,16207.0,159158.0,1.0,1.0,1.0,0.0,0,20320.0,159520.0,179840.0,-4305.0,0.9982614742698191,1.0,0.9991310392770246,-0.001738525730180851,0,62121.0,43750.0,105871.0,405264.0,1.0005818689631094,1.0,1.0002917918940213,0.0005818689631094109,0,98448.0,203470.0,301918.0,560117.0,1.0,1.0,1.0,0.0,0,148.0,463.0,1019.0,2400.0,1,1.6725207416351813,1.6725207416351813,1.729924642742269,1.1169477347840076,1.2219288025722381,1.1585890526625977,1.09074216940302,1.239110728865839,h3b_upstream_reroute,0.0,783259.0,285711.0
24,16141.0,380.0,16521.0,158669.0,1.0,1.0,1.0,0.0,0,19630.0,166890.0,186520.0,-9620.0,1.0,1.0,1.0,0.0,0,62837.0,49840.0,112677.0,401068.0,1.0,1.0,1.0,0.0,0,98608.0,217110.0,315718.0,550117.0,1.0,1.0,1.0,0.0,0,118.0,462.0,1042.0,2845.0,46,1.7023384124415677,1.7023384124415677,1.4680771063238,1.0483473731857713,1.208522804068709,1.1606770659181735,1.0783588308161252,1.2401564466347301,h3b_upstream_reroute,0.0,767377.0,299197.0
25,15396.0,530.0,15926.0,160644.0,1.0,1.0,1.0,0.0,0,20917.0,157710.0,178627.0,-3972.0,1.0,1.0,1.0,0.0,0,61147.0,46860.0,108007.0,405268.0,1.0,1.0,1.0,0.0,0,97460.0,205100.0,302560.0,561940.0,1.0,1.0,1.0,0.0,0,127.0,454.0,1071.0,2646.0,1,1.287835097001764,1.287835097001764,1.8071692756407904,1.1327086138597549,1.1601576475508,1.1591161980053089,1.0846786949338343,1.2369227096104818,h3b_upstream_reroute,0.0,757094.0,286634.0
26,15667.0,290.0,15957.0,160063.0,1.0,1.0,1.0,0.0,0,19939.0,158410.0,178349.0,-3659.0,1.0,1.0,1.0,0.0,0,60862.0,45200.0,106062.0,406968.0,1.0,1.0,1.0,0.0,0,96468.0,203900.0,300368.0,563372.0,1.0,1.0,1.0,0.0,0,139.0,432.0,970.0,2548.0,1,1.5272882399805627,1.5272882399805627,1.6275743580788828,1.3482650456648195,1.1632594610214477,1.1740030583449763,1.0834733752352212,1.2504783612547206,h3b_upstream_reroute,0.0,757512.0,284411.0
27,16148.0,660.0,16808.0,158752.0,0.9988344988344988,1.0,0.9994141769185706,-0.0011655011655011815,0,19932.0,163130.0,183062.0,-8077.0,1.0012237762237761,1.0,1.0006116742397764,0.0012237762237761185,0,60475.0,44270.0,104745.0,408480.0,1.0,1.0,1.0,0.0,0,96555.0,208060.0,304615.0,559155.0,1.0,1.0,1.0,0.0,0,142.0,469.0,1050.0,2409.0,1,1.5895626170263053,1.5895626170263053,1.5511335000785278,1.1499841861321676,1.2315178943075644,1.1875126610893316,1.086062545735102,1.2469857542793141,h3b_upstream_reroute,0.0,755604.0,287807.0
28,16153.0,110.0,16263.0,159212.0,1.0,1.0,1.0,0.0,0,19245.0,169240.0,188485.0,-12365.0,0.9984347826086957,1.0,0.9992196306251626,-0.00156521739130433,0,62120.0,49880.0,112000.0,400205.0,1.0005241700640652,1.0,1.0002620087336245,0.0005241700640652436,0,97518.0,219230.0,316748.0,547052.0,1.0,1.0,1.0,0.0,0,126.0,474.0,1053.0,2885.0,1,1.1923840613069585,1.1923840613069585,1.5411685235222263,1.214556562828718,1.1905700549002973,1.1778842412525579,1.0770876124829583,1.2427465773121333,h3b_upstream_reroute,0.0,756692.0,300485.0
29,15621.0,610.0,16231.0,159399.0,1.0,1.0,1.0,0.0,0,21908.0,166600.0,188508.0,-11788.0,1.0,1.0,1.0,0.0,0,62150.0,44280.0,106430.0,405180.0,1.0,1.0,1.0,0.0,0,99679.0,211490.0,311169.0,552791.0,1.0,1.0,1.0,0.0,0,139.0,471.0,1086.0,2515.0,1,1.4020833333333336,1.4020833333333336,1.9095853243019862,1.2898097720018251,1.1800631187826833,1.1303970431110864,1.0895415104544857,1.2427443545529684,h3b_upstream_reroute,0.0,791017.0,294938.0
30,15951.0,1000.0,16951.0,158784.0,1.0,1.0,1.0,0.0,0,20704.0,179170.0,199874.0,-23009.0,1.0,1.0,1.0,0.0,0,62270.0,47050.0,109320.0,401465.0,1.0,0.9998830751242327,0.9999416824610001,0.00011692487576731025,0,98925.0,227220.0,326145.0,537240.0,1.0,0.9999305676097899,0.9999654086962537,6.943239021006686e-05,0,112.0,494.0,1112.0,2667.0,1,1.756785938480854,1.756785938480854,1.9288619839210788,1.1129821448890052,1.2373212850920492,1.1953129115929906,1.094461659515681,1.2440402262066739,h3b_upstream_reroute,0.0,783818.0,309194.0
11,16921.0,2320.0,19241.0,157279.0,1.0,1.0,1.0,0.0,0,29133.0,133410.0,162543.0,13847.0,1.0,1.0,1.0,0.0,0,67615.0,56840.0,124455.0,387440.0,1.0,1.0,1.0,0.0,0,113669.0,192570.0,306239.0,558566.0,1.0,1.0,1.0,0.0,0,154.0,470.0,1093.0,3744.0,1,6.760960251700036,1.9577192122041245,1.144108615580179,0.8835759386874139,1.4138713706693935,1.0991846976738258,1.206775184872437,1.2164879395297943,h4_ceiling,2604.0,782094.0,286998.0
12,15956.0,2760.0,18716.0,158164.0,1.0,1.0,1.0,0.0,0,29448.0,133400.0,162848.0,12372.0,1.0,1.0,1.0,0.0,0,63114.0,55090.0,118204.0,394351.0,1.0,1.0,1.0,0.0,0,108518.0,191250.0,299768.0,564887.0,1.0,1.0,1.0,0.0,0,183.0,474.0,1078.0,3462.0,1,4.362963059000323,1.2687180247035532,1.1231292467989133,1.1425324007676536,1.3901052437561146,1.0050113928756799,1.1869792051033752,1.2156630507723465,h4_ceiling,2690.0,776020.0,281052.0
13,15376.0,2780.0,18156.0,160419.0,1.0,1.0,1.0,0.0,0,29240.0,124910.0,154150.0,20570.0,1.0,1.0,1.0,0.0,0,65266.0,60280.0,125546.0,384849.0,1.0,1.0,1.0,0.0,0,109882.0,187970.0,297852.0,565838.0,1.0,1.0,1.0,0.0,0,183.0,457.0,1023.0,3967.0,1,6.176300002393114,1.5133739645728188,1.112867082550514,1.016374564998969,1.4562284468053923,1.073317852017723,1.2000801081038777,1.2205640170194412,h4_ceiling,2949.0,769728.0,279696.0
14,15834.0,2470.0,18304.0,157941.0,1.0,1.0,1.0,0.0,0,28966.0,129510.0,158476.0,16979.0,1.0,1.0,1.0,0.0,0,63910.0,59390.0,123300.0,388725.0,1.0,1.0,1.0,0.0,0,108710.0,191370.0,300080.0,563645.0,1.0,1.0,1.0,0.0,0,144.0,453.0,1048.0,3760.0,1,6.996877183480026,1.8307989167230876,1.1142715831123458,1.2710456451057828,1.4455916317945188,1.202478117565939,1.1956499217899794,1.2531150156957391,h4_ceiling,2592.0,778161.0,281776.0
15,16373.0,2240.0,18613.0,158207.0,0.9994972347913524,1.0,0.9997494571571739,-0.0005027652086475598,0,29673.0,146770.0,176443.0,232.0,1.0005210142410559,1.0,1.000259965337955,0.0005210142410558838,0,61674.0,48320.0,109994.0,401871.0,1.0,1.0,1.0,0.0,0,107720.0,197330.0,305050.0,560310.0,1.0,1.0,1.0,0.0,0,142.0,496.0,1103.0,2695.0,1,4.675369470221435,1.4085240830755636,1.262297862299337,1.1378542938897371,1.4774248388446154,1.1218704179540944,1.1805864131166768,1.2364057259203134,h4_ceiling,2538.0,799441.0,286437.0
16,16697.0,2310.0,19007.0,156853.0,1.0,1.0,1.0,0.0,0,28942.0,128010.0,156952.0,17838.0,1.0,1.0,1.0,0.0,0,62880.0,60270.0,123150.0,389290.0,1.0,1.0,1.0,0.0,0,108519.0,190590.0,299109.0,563981.0,1.0,1.0,1.0,0.0,0,134.0,479.0,1093.0,3965.0,1,4.626505347304743,1.3072442475964134,1.1125709265378896,1.2637305787415496,1.4476524835600937,1.1185816213356075,1.1961245237326716,1.2374295258058465,h4_ceiling,2682.0,781254.0,280102.0
17,16483.0,2080.0,18563.0,157577.0,1.0,1.0,1.0,0.0,0,28991.0,134900.0,163891.0,13044.0,1.0,1.0,1.0,0.0,0,64086.0,55850.0,119936.0,390074.0,1.0,0.999883761478554,0.9999416382152966,0.00011623852144604374,0,109560.0,192830.0,302390.0,560695.0,1.0,0.9999308317482276,0.9999653895407192,6.916825177238906e-05,0,123.0,468.0,1059.0,3414.0,1,4.8367071914571,1.4558622322791135,1.1140600345808251,1.0837948531684116,1.408772901094425,1.158194809597458,1.192927596785698,1.2373878398210398,h4_ceiling,2583.0,784487.0,283827.0
18,16330.0,2980.0,19310.0,157405.0,1.0,1.0,1.0,0.0,0,28924.0,135500.0,164424.0,10891.0,0.9982569287083842,1.0,0.9991292990857641,-0.001743071291615772,0,61916.0,51610.0,113526.0,398384.0,1.0005828864537187,1.0,1.0002908160297797,0.0005828864537187339,0,107170.0,190090.0,297260.0,566680.0,1.0,1.0,1.0,0.0,0,131.0,492.0,1062.0,2872.0,1,5.962306718750002,1.8332343750000004,1.2094822302226729,1.2540977384107583,1.5458167006666816,1.0800320090132363,1.189653209727672,1.2397991543506686,h4_ceiling,2661.0,773647.0,277950.0
19,16221.0,2490.0,18711.0,158004.0,1.0,1.0,1.0,0.0,0,29998.0,132850.0,162848.0,12672.0,1.0,1.0,1.0,0.0,0,65233.0,50120.0,115353.0,394552.0,1.0,1.0,1.0,0.0,0,111452.0,185460.0,296912.0,565228.0,1.0,1.0,1.0,0.0,0,162.0,480.0,1094.0,3055.0,1,6.088627288448776,1.6570971824418836,1.1402097586177342,0.8425902614705313,1.4928071934675662,1.070957747286165,1.2130114397860474,1.2113837219600885,h4_ceiling,2781.0,791164.0,278201.0
20,15958.0,2590.0,18548.0,159857.0,1.0,1.0,1.0,0.0,0,29043.0,137690.0,166733.0,9402.0,1.0,1.0,1.0,0.0,0,63547.0,43810.0,107357.0,403888.0,1.0,1.0,1.0,0.0,0,108548.0,184090.0,292638.0,573147.0,1.0,1.0,1.0,0.0,0,137.0,461.0,1041.0,2431.0,1,4.594028452461868,1.1547557704757752,1.2039900116884494,1.1410492032933617,1.5280526369471816,1.0952515629401587,1.1850497231458954,1.2289396099938346,h4_ceiling,2600.0,788480.0,274090.0
21,16364.0,2990.0,19354.0,157796.0,1.0,1.0,1.0,0.0,0,30308.0,134530.0,164838.0,9347.0,1.0,1.0,1.0,0.0,0,63103.0,61590.0,124693.0,386167.0,1.0,1.0,1.0,0.0,0,109775.0,199110.0,308885.0,553310.0,1.0,1.0,1.0,0.0,0,149.0,486.0,1070.0,4010.0,1,5.787423896656174,1.7424887614962679,1.131311615890638,1.1959423177311619,1.4170783531008426,1.0933239065622053,1.196335734792182,1.2396217124318463,h4_ceiling,2881.0,764377.0,289531.0
22,16384.0,2160.0,18544.0,159706.0,1.0,0.9996685998342999,0.9998343273691186,0.000331400165700102,0,29609.0,130400.0,160009.0,15246.0,1.0,1.000346680533888,1.0001741705129321,-0.0003466805338880885,0,63303.0,58090.0,121393.0,389402.0,0.999708862233609,1.0,0.9998543038638615,-0.0002911377663910031,0,109296.0,190650.0,299946.0,564354.0,0.9998271391529818,1.0,0.9999136039258376,-0.00017286084701817472,0,140.0,461.0,1013.0,3710.0,1,5.391756181663305,1.4814631077742948,1.1367823219115916,1.1783358313370913,1.3975043727835605,1.0778887967024648,1.189116545392246,1.2314663919220512,h4_ceiling,2580.0,780097.0,281402.0
23,16689.0,2080.0,18769.0,157441.0,1.0,1.0,1.0,0.0,0,29062.0,128890.0,157952.0,17313.0,0.9982614742698191,1.0,0.9991310392770246,-0.001738525730180851,0,63270.0,53920.0,117190.0,393370.0,1.0005818689631094,1.0,1.0002917918940213,0.0005818689631094109,0,109021.0,184890.0,293911.0,568124.0,1.0,1.0,1.0,0.0,0,173.0,463.0,1019.0,3422.0,1,5.340763447980369,1.6725207416351813,1.128978082065892,1.1169477347840076,1.4555862698730564,1.1185365052245761,1.1975593508721152,1.2332637412882916,h4_ceiling,2562.0,793828.0,275142.0
24,16791.0,2460.0,19251.0,156789.0,1.0,1.0,1.0,0.0,0,28346.0,135440.0,163786.0,12939.0,1.0,1.0,1.0,0.0,0,64712.0,60590.0,125302.0,387773.0,1.0,1.0,1.0,0.0,0,109849.0,198490.0,308339.0,557501.0,1.0,1.0,1.0,0.0,0,135.0,462.0,1042.0,3916.0,1,6.101024911103118,1.7023384124415677,1.1339806075277818,1.0483473731857713,1.4787697969368232,1.0961461271752453,1.1989933838397557,1.2326424603804178,h4_ceiling,2730.0,777486.0,289088.0
25,16074.0,2460.0,18534.0,158891.0,1.0,1.0,1.0,0.0,0,30166.0,127600.0,157766.0,16554.0,1.0,1.0,1.0,0.0,0,63146.0,62890.0,126036.0,386704.0,1.0,1.0,1.0,0.0,0,109386.0,192950.0,302336.0,562149.0,1.0,1.0,1.0,0.0,0,146.0,454.0,1071.0,4135.0,1,4.77440047521066,1.287835097001764,1.1332978624865635,1.1327086138597549,1.4113894602458485,1.1148821930816204,1.1935376579260812,1.2310254717172329,h4_ceiling,2608.0,759926.0,283802.0
26,16329.0,2210.0,18539.0,158326.0,1.0,1.0,1.0,0.0,0,28722.0,127150.0,155872.0,18558.0,1.0,1.0,1.0,0.0,0,64878.0,62980.0,127858.0,384572.0,1.0,1.0,1.0,0.0,0,109929.0,192340.0,302269.0,561456.0,1.0,1.0,1.0,0.0,0,134.0,433.0,970.0,4141.0,1,5.913255026120191,1.5272882399805627,1.096292744388357,1.3401725616936866,1.4869325622614369,1.1213173019795526,1.1997055192475579,1.2434466707014025,h4_ceiling,2582.0,758193.0,283730.0
27,16798.0,2650.0,19448.0,156962.0,0.9988344988344988,1.0,0.9994141769185706,-0.0011655011655011815,0,29147.0,126250.0,155397.0,19338.0,1.0012237762237761,1.0,1.0006116742397764,0.0012237762237761185,0,62871.0,65280.0,128151.0,384469.0,1.0,1.0,1.0,0.0,0,108816.0,194180.0,302996.0,560769.0,1.0,1.0,1.0,0.0,0,154.0,469.0,1042.0,4263.0,1,5.141205019986629,1.5895626170263053,1.1310645360162586,1.1499841861321676,1.491397553764784,1.179606141857219,1.1987400217303,1.245740539206825,h4_ceiling,2640.0,759863.0,283548.0
28,16833.0,2050.0,18883.0,157442.0,1.0,1.0,1.0,0.0,0,28397.0,132120.0,160517.0,15393.0,0.9984347826086957,1.0,0.9992196306251626,-0.00156521739130433,0,66491.0,57420.0,123911.0,387654.0,1.0005241700640652,1.0,1.0002620087336245,0.0005241700640652436,0,111721.0,191590.0,303311.0,560489.0,1.0,1.0,1.0,0.0,0,126.0,474.0,1037.0,3730.0,1,4.690936194903385,1.1923840613069585,1.1037286708368803,1.2149817563444627,1.3548306876231695,1.072371520616444,1.186303223864373,1.2280510641775682,h4_ceiling,2620.0,772749.0,284428.0
29,16291.0,2570.0,18861.0,157619.0,1.0,1.0,1.0,0.0,0,31198.0,137700.0,168898.0,7527.0,1.0,1.0,1.0,0.0,0,64649.0,68010.0,132659.0,378376.0,1.0,1.0,1.0,0.0,0,112138.0,208280.0,320418.0,543522.0,1.0,1.0,1.0,0.0,0,154.0,471.0,1086.0,4491.0,1,4.639374671296297,1.4020833333333336,1.1219919173603141,1.2790703362399254,1.5217036628197862,1.135743556957357,1.2071138348663346,1.2421721571389142,h4_ceiling,2630.0,784398.0,301557.0
30,16621.0,2830.0,19451.0,157134.0,1.0,1.0,1.0,0.0,0,29837.0,142820.0,172657.0,4013.0,1.0,1.0,1.0,0.0,0,64390.0,62990.0,127380.0,382750.0,1.0,0.9998830751242327,0.9999416824610001,0.00011692487576731025,0,110848.0,208640.0,319488.0,543897.0,1.0,0.9999305676097899,0.9999654086962537,6.943239021006686e-05,0,187.0,500.0,1115.0,4105.0,1,6.719496972867408,1.756785938480854,1.1567636947543054,1.084575770735524,1.4827653442536488,1.133344752243487,1.1990250112830676,1.2355498953589295,h4_ceiling,2500.0,792975.0,300037.0
